title,media,date,datetime,desc,link,img,sumber
"Kolaborasi dengan DANA Indonesia, Kementerian Investasi Dorong Pelaku UMKM Naik Kelas",Press Release,8 Apr 2022,,"KONTAN.CO.ID - Kementerian Investasi/Badan Koordinasi Penanaman Modal 
(BKPM) melakukan kolaborasi dengan PT Espay Debit Indonesia Koe (DANA 
Indonesia)...",https://pressrelease.kontan.co.id/news/kolaborasi-dengan-dana-indonesia-kementerian-investasi-dorong-pelaku-umkm-naik-kelas,"data:image/gif;base64,R0lGODlhAQABAIAAAP///////yH5BAEKAAEALAAAAAABAAEAAAICTAEAOw==",kontan
Pemerintah Dorong Sektor UMKM Sebagai Tulang Punggung Ekonomi Nasional,nasional kontan,3 Apr 2022,,"Reporter: Dimas Andi | Editor: Tendi Mahadi. KONTAN.CO.ID - JAKARTA. 
Menteri Koperasi dan Usaha Kecil dan Menengah (UMKM) Teten Masduki 
menyebut,...",https://nasional.kontan.co.id/news/pemerintah-dorong-sektor-umkm-sebagai-tulang-punggung-ekonomi-nasional,"data:image/gif;base64,R0lGODlhAQABAIAAAP///////yH5BAEKAAEALAAAAAABAAEAAAICTAEAOw==",kontan
Sederet Upaya Pemerintah Untuk Terus Dorong Pemulihan Ekonomi,nasional kontan,8 Mar 2022,,"Reporter: Siti Masitoh | Editor: Anna Suci Perwitasari. KONTAN.CO.ID - 
JAKARTA. Menteri Koordinator Bidang Perekonomian Airlangga Hartarto 
mengatakan,...",https://nasional.kontan.co.id/news/sederet-upaya-pemerintah-untuk-terus-dorong-pemulihan-ekonomi,"data:image/gif;base64,R0lGODlhAQABAIAAAP///////yH5BAEKAAEALAAAAAABAAEAAAICTAEAOw==",kontan
"Apa Itu Perseroan Perorangan? Ini Kelebihan, Syarat, dan Cara Pendaftarannya",Cari Tahu,7 Mar 2022,,"KONTAN.CO.ID - Bisnis dalam bentuk perseroan terbatas atau yang lebih 
dikenal dengan PT lebih diminati karena status hukumnya yang terdapat 
pemisahan...",https://caritahu.kontan.co.id/news/apa-itu-perseroan-perorangan-ini-kelebihan-syarat-dan-cara-pendaftarannya?page=all,"data:image/gif;base64,R0lGODlhAQABAIAAAP///////yH5BAEKAAEALAAAAAABAAEAAAICTAEAOw==",kontan
Teten Masduki Targetkan UMKM Raih 90% Pengadaan Barang/Jasa Pemerintah,nasional kontan,5 Mar 2022,,"Reporter: Ratih Waseso | Editor: Noverius Laoli. KONTAN.CO.ID - JAKARTA. 
Kementerian Koperasi dan UKM (KemenKopUKM) bersama Lembaga Kebijakan 
Pengadaan...",https://nasional.kontan.co.id/news/teten-masduki-targetkan-umkm-raih-90-pengadaan-barangjasa-pemerintah,"data:image/gif;base64,R0lGODlhAQABAIAAAP///////yH5BAEKAAEALAAAAAABAAEAAAICTAEAOw==",kontan
Airlanga Optimistis UU Cipta Kerja akan Ciptakan Iklim Investasi Baik di 2022,nasional kontan,6 Feb 2022,,"UU Cipta Kerja ini didorong untuk meningkatkan investasi, meningkatkan daya 
saing, memperluas UMKM.",https://nasional.kontan.co.id/news/airlanga-optimistis-uu-cipta-kerja-akan-ciptakan-iklim-investasi-baik-di-2022,"data:image/gif;base64,R0lGODlhAQABAIAAAP///////yH5BAEKAAEALAAAAAABAAEAAAICTAEAOw==",kontan
Kemenkumham Sebut 13.191 UMKM Telah Terdaftar Sebagai Perseroan Perseorangan,nasional kontan,Feb 2022,,"Reporter: Vendy Yhulia Susanto | Editor: Tendi Mahadi. KONTAN.CO.ID - 
JAKARTA. Menteri Hukum dan HAM Yasonna Laoly menyatakan, sejak 
diluncurkannya...",https://nasional.kontan.co.id/news/kemenkumham-sebut-13191-umkm-telah-terdaftar-sebagai-perseroan-perseorangan,"data:image/gif;base64,R0lGODlhAQABAIAAAP///////yH5BAEKAAEALAAAAAABAAEAAAICTAEAOw==",kontan
"BUMDes bersama UMKM, ultra mikro, dan koperasi berkontribusi 61% ke PDB",nasional kontan,20 Des 2021,,"Reporter: Achmad Jatnika | Editor: Khomarul Hidayat. KONTAN.CO.ID - 
JAKARTA. Status badan hukum dinilai akan menegaskan peran penting Badan 
Usaha Milik Desa...",https://nasional.kontan.co.id/news/bumdes-bersama-umkm-ultra-mikro-dan-koperasi-berkontribusi-61-ke-pdb,"data:image/gif;base64,R0lGODlhAQABAIAAAP///////yH5BAEKAAEALAAAAAABAAEAAAICTAEAOw==",kontan
"Kementerian Investasi: Kerja Sama PMA/PMDN dengan UMKM Mencapai Rp 2,7 Triliun",nasional kontan,8 Des 2021,,"Reporter: Siti Masitoh | Editor: Handoyo . KONTAN.CO.ID - BALI. Kementerian 
Investasi/Badan Koordinasi Penanaman Modal (BKPM) melaporkan,...",https://nasional.kontan.co.id/news/kementerian-investasi-kerja-sama-pmapmdn-dengan-umkm-mencapai-rp-27-triliun,"data:image/gif;base64,R0lGODlhAQABAIAAAP///////yH5BAEKAAEALAAAAAABAAEAAAICTAEAOw==",kontan
BKPM: Target Kontrak Kerja Sama PMA/PMDN dengan UMKM Mencapai Rp 5 Triliun di 2022,nasional kontan,8 Des 2021,,"Reporter: Siti Masitoh | Editor: Handoyo . KONTAN.CO.ID - BALI. Kementerian 
Investasi/Badan Koordinasi Penanaman Modal (BKPM) menargetkan kerjasama 
PMA...",https://nasional.kontan.co.id/news/bkpm-target-kontrak-kerja-sama-pmapmdn-dengan-umkm-mencapai-rp-5-triliun-di-2022,"data:image/gif;base64,R0lGODlhAQABAIAAAP///////yH5BAEKAAEALAAAAAABAAEAAAICTAEAOw==",kontan
Kementerian Koperasi UKM targetkan pertumbuhan wirausaha 4% di 2024,nasional kontan,Des 2021,,"Reporter: Ratih Waseso | Editor: Khomarul Hidayat. KONTAN.CO.ID - JAKARTA. 
Pemerintah menargetkan rasio kewirausahaan Indonesia pada tahun 2021 
sebesar 3...",https://nasional.kontan.co.id/news/kementerian-koperasi-ukm-targetkan-pertumbuhan-wirausaha-4-di-2024,"data:image/gif;base64,R0lGODlhAQABAIAAAP///////yH5BAEKAAEALAAAAAABAAEAAAICTAEAOw==",kontan
"UU Cipta Kerja Inkonstitusional, Airlangga: Kemudahan Berusaha UMKM Tetap Berlaku - Kompas.com",Kompas Money,9 Nov 2021,,"JAKARTA, KOMPAS.com - Menteri Koordinator Bidang Perekonomian, Airlangga 
Hartarto menyatakan, UU Cipta Kerja tetap berlaku pasca-putusan 
inkonstitusional...",https://money.kompas.com/read/2021/11/29/133420826/uu-cipta-kerja-inkonstitusional-airlangga-kemudahan-berusaha-umkm-tetap,"data:image/gif;base64,R0lGODlhAQABAIAAAP///////yH5BAEKAAEALAAAAAABAAEAAAICTAEAOw==",kontan
Ini Komentar Buruh soal Jokowi yang Sebut UU Cipta Kerja Masih Berlaku - Kompas.com,Kompas Money,9 Nov 2021,,"JAKARTA, KOMPAS.com - Presiden Joko Widodo (Jokowi) menyatakan, 
Undang-Undang Nomor 11 Tahun 2020 tentang Cipta Kerja atau UU Cipta Kerja 
masih berlaku...",https://money.kompas.com/read/2021/11/29/194924526/ini-komentar-buruh-soal-jokowi-yang-sebut-uu-cipta-kerja-masih-berlaku,"data:image/gif;base64,R0lGODlhAQABAIAAAP///////yH5BAEKAAEALAAAAAABAAEAAAICTAEAOw==",kontan
Airlangga Hartarto janji konsistensi pemerintah bantu kawasan ekonomi khusus dan UMKM,nasional kontan,9 Nov 2021,,"Reporter: Siti Masitoh | Editor: Noverius Laoli. KONTAN.CO.ID - JAKARTA. 
Pemerintah berkomitmen dalam membangun kawasan ekonomi khusus (KEK) dan 
juga...",https://nasional.kontan.co.id/news/airlangga-hartarto-janji-konsistensi-pemerintah-bantu-kawasan-ekonomi-khusus-dan-umkm,"data:image/gif;base64,R0lGODlhAQABAIAAAP///////yH5BAEKAAEALAAAAAABAAEAAAICTAEAOw==",kontan
Menko Airlangga: UU Cipta Kerja Sudah Rekrut 912.402 Tenaga Kerja Baru - Kompas.com,Kompas Money,9 Nov 2021,,"JAKARTA, KOMPAS.com - Menteri Koordinator Bidang Perekonomian, Airlangga 
Hartarto mengklaim UU Cipta Kerja sudah mampu menciptakan lapangan 
pekerjaan bagi...",https://money.kompas.com/read/2021/11/29/134728326/menko-airlangga-uu-cipta-kerja-sudah-rekrut-912402-tenaga-kerja-baru,"data:image/gif;base64,R0lGODlhAQABAIAAAP///////yH5BAEKAAEALAAAAAABAAEAAAICTAEAOw==",kontan
"Esok, MK Putuskan Nasib UU Cipta Kerja - Kompas.com",Kompas Money,4 Nov 2021,,"JAKARTA, KOMPAS.com - Gugatan terhadap Omnibus Law Undang-Undang (UU) Cipta 
Kerja akan mulai masuk babak baru. Rencananya, Kamis (25/11/2021) 
Mahkamah...",https://money.kompas.com/read/2021/11/24/153700026/esok-mk-putuskan-nasib-uu-cipta-kerja,"data:image/gif;base64,R0lGODlhAQABAIAAAP///////yH5BAEKAAEALAAAAAABAAEAAAICTAEAOw==",kontan
UU HPP bagian strategi Indonesia menjadi negara maju di tahun 2045,nasional kontan,4 Okt 2021,,"Pemerintah menyebut, UU Harmonisasi Peraturan Perpajakan (HPP) bagian 
strategi Indonesia menjadi negara maju di tahun 2045.",https://nasional.kontan.co.id/news/uu-hpp-bagian-strategi-indonesia-menjadi-negara-maju-di-tahun-2045,"data:image/gif;base64,R0lGODlhAQABAIAAAP///////yH5BAEKAAEALAAAAAABAAEAAAICTAEAOw==",kontan
Pelaku UMKM menolak rencana pengenaan PPN final,nasional kontan,2 Okt 2021,,"Pemerintah berencana menerapkan pajak pertambahan nilai (PPN) dengan 
mekanisme final kepada UMKM.",https://nasional.kontan.co.id/news/pelaku-umkm-menolak-rencana-pengenaan-ppn-final,"data:image/gif;base64,R0lGODlhAQABAIAAAP///////yH5BAEKAAEALAAAAAABAAEAAAICTAEAOw==",kontan
CIPS: UU Cipta Kerja Permudah Investasi di Sektor Perkebunan Hingga Peternakan - Kompas.com,Kompas Money,10 Okt 2021,,"Undang-Undang (UU) Cipta Kerja memiliki potensi meningkatkan kinerja sektor 
pertanian nasional asalkan ada perhatian.",https://money.kompas.com/read/2021/10/10/072500226/cips--uu-cipta-kerja-permudah-investasi-di-sektor-perkebunan-hingga-peternakan,"data:image/gif;base64,R0lGODlhAQABAIAAAP///////yH5BAEKAAEALAAAAAABAAEAAAICTAEAOw==",kontan
"Implementasi PP No.7/2021, ASDP Merak beri ruang promosi bagi UMKM",industri kontan,4 Sep 2021,,"Kementerian Koperasi dan UKM bersama Komisi VI DPR meninjau implementasi 
dari PP No. 7 tahun 2021.",https://industri.kontan.co.id/news/implementasi-pp-no72021-asdp-merak-beri-ruang-promosi-bagi-umkm,"data:image/gif;base64,R0lGODlhAQABAIAAAP///////yH5BAEKAAEALAAAAAABAAEAAAICTAEAOw==",kontan
"Beratkan UMKM, asosiasi UMKM protes RUU Ketentuan Umum Perpajakan",NewsSetup,3 Sep 2021,,"KONTAN.CO.ID - JAKARTA. Pemerintah mengusulkan pajak penghasilan minimum 
sebesar 1% dari peredaran bruto bagi wajib pajak yang merugi di Rancangan...",https://newssetup.kontan.co.id/news/beratkan-umkm-asosiasi-umkm-protes-ruu-ketentuan-umum-perpajakan,"data:image/gif;base64,R0lGODlhAQABAIAAAP///////yH5BAEKAAEALAAAAAABAAEAAAICTAEAOw==",kontan
Pelaku UMKM keluhkan dua hal ini terkait OSS berbasis risiko,nasional kontan,Sep 2021,,"Reporter: Vendy Yhulia Susanto | Editor: Khomarul Hidayat. KONTAN.CO.ID - 
JAKARTA. Kementerian Investasi resmi meluncurkan Online Single Submission 
(OSS)...",https://nasional.kontan.co.id/news/pelaku-umkm-keluhkan-dua-hal-ini-terkait-oss-berbasis-risiko,"data:image/gif;base64,R0lGODlhAQABAIAAAP///////yH5BAEKAAEALAAAAAABAAEAAAICTAEAOw==",kontan
Asosiasi UMKM Tolak 4 Ketentuan dalam RUU KUP - Kompas.com,Kompas Money,1 Agu 2021,,"JAKARTA, KOMPAS.com - Tujuh asosiasi pengusaha yang menaungi ribuan Usaha 
Mikro Kecil Menengah (UMKM) memprotes empat ketentuan dalam Rancangan...",https://money.kompas.com/read/2021/08/31/193633326/asosiasi-umkm-tolak-4-ketentuan-dalam-ruu-kup?page=all,"data:image/gif;base64,R0lGODlhAQABAIAAAP///////yH5BAEKAAEALAAAAAABAAEAAAICTAEAOw==",kontan
"Pemerintah usulkan perubahan skema tarif PPN final 1%, UMKM protes",nasional kontan,1 Agu 2021,,"Pemerintah saat ini tengah mengajukan perubahan atas skema pengenaan pajak 
pertambahan nilai (PPN) Final.",https://nasional.kontan.co.id/news/pemerintah-usulkan-perumabahan-skema-tarif-ppn-final-1-umkm-protes,"data:image/gif;base64,R0lGODlhAQABAIAAAP///////yH5BAEKAAEALAAAAAABAAEAAAICTAEAOw==",kontan
Ini sejumlah masukan terhadap rencana revisi Perkom KPPU 4/2019,nasional kontan,20 Agu 2021,,"Reporter: Vendy Yhulia Susanto | Editor: Handoyo . KONTAN.CO.ID - JAKARTA. 
Komisi Pengawas Persaingan Usaha (KPPU) akan merevisi Peraturan KPPU nomor 
4...",https://nasional.kontan.co.id/news/ini-sejumlah-masukan-terhadap-rencana-revisi-perkom-kppu-42019,"data:image/gif;base64,R0lGODlhAQABAIAAAP///////yH5BAEKAAEALAAAAAABAAEAAAICTAEAOw==",kontan
"Mengajukan Izin Usaha Secara Cepat, Nyaman, dan Transparan Melalui OSS RBA",Keuangan - Kontan Online,8 Agu 2021,,"meluncurkan Online Single Submission (OSS) berbasis risiko. Sistem ini 
diluncurkan langsung oleh Presiden Joko Widodo.",https://keuangan.kontan.co.id/news/mengajukan-izin-usaha-secara-cepat-nyaman-dan-transparan-melalui-oss-rba,"data:image/gif;base64,R0lGODlhAQABAIAAAP///////yH5BAEKAAEALAAAAAABAAEAAAICTAEAOw==",kontan
Kementerian Investasi dengan Gojek teken MoU pemberdayaan UMKM,nasional kontan,30 Jul 2021,,"Reporter: Yusuf Imam Santoso | Editor: Khomarul Hidayat. KONTAN.CO.ID - 
JAKARTA. Kementerian Investasi/Badan Koordinasi Penanaman Modal (BKPM) 
secara daring...",https://nasional.kontan.co.id/news/kementerian-investasi-dengan-gojek-teken-mou-pemberdayaan-umkm,"data:image/gif;base64,R0lGODlhAQABAIAAAP///////yH5BAEKAAEALAAAAAABAAEAAAICTAEAOw==",kontan
Program PEN jadi tumpuan UMKM di tengah gelombang baru Covid-19,nasional kontan,7 Jul 2021,,"Pemerintah telah menyalurkan dana Pemulihan Ekonomi Nasional (PEN) kepada 
pelaku UMKM sebesar Rp 51,27 triliun.",https://nasional.kontan.co.id/news/program-pen-jadi-tumpuan-umkm-di-tengah-gelombang-baru-covid-19,"data:image/gif;base64,R0lGODlhAQABAIAAAP///////yH5BAEKAAEALAAAAAABAAEAAAICTAEAOw==",kontan
"Ekonom: UU Cipta Kerja Permudah Investor Masuk ke Indonesia, tetapi... - Kompas.com",Kompas Money,5 Jun 2021,,"JAKARTA, KOMPAS.com – Ekonom Senior Universitas Gadjah Mada (UGM) Sri 
Adiningsih mengatakan, Undang- undang Cipta Kerja mampu menarik perhatian 
investor ke...",https://money.kompas.com/read/2021/06/15/122253126/ekonom-uu-cipta-kerja-permudah-investor-masuk-ke-indonesia-tetapi,"data:image/gif;base64,R0lGODlhAQABAIAAAP///////yH5BAEKAAEALAAAAAABAAEAAAICTAEAOw==",kontan
Teten dukung inovasi koperasi dan UMKM berbasis ekonomi kreatif di Klungkung,Regional,Jun 2021,,"KONTAN.CO.ID - JAKARTA. Inovasi yang dilakukan Kabupaten Klungkung, Bali 
untuk mengembangkan koperasi dan UMKM berbasis ekonomi kreatif diapresiasi 
Menteri...",https://regional.kontan.co.id/news/teten-dukung-inovasi-koperasi-dan-umkm-berbasis-ekonomi-kreatif-di-klungkung?page=all,"data:image/gif;base64,R0lGODlhAQABAIAAAP///////yH5BAEKAAEALAAAAAABAAEAAAICTAEAOw==",kontan
Kebangkitan UMKM Nasional,Analisis,20 Mei 2021,,"Sumber: Harian KONTAN | Editor: Ignatia Maria Sri Sayekti. KONTAN.CO.ID - 
Kebangkitan nasional dapat dimaknai sebagai bangun dari masa sulit berupa...",https://analisis.kontan.co.id/news/kebangkitan-umkm-nasional,"data:image/gif;base64,R0lGODlhAQABAIAAAP///////yH5BAEKAAEALAAAAAABAAEAAAICTAEAOw==",kontan
Pemerintah Bentuk Satgas UU Cipta Kerja - Kompas.com,Kompas Money,9 Mei 2021,,"JAKARTA, KOMPAS.com - Presiden RI Joko Widodo membentuk Satgas Percepatan 
Sosialisasi Undang-Undang Cipta Kerja. Jokowi menunjuk Wakil Menteri Luar 
Negeri,...",https://money.kompas.com/read/2021/05/19/140858426/pemerintah-bentuk-satgas-uu-cipta-kerja?page=all,"data:image/gif;base64,R0lGODlhAQABAIAAAP///////yH5BAEKAAEALAAAAAABAAEAAAICTAEAOw==",kontan
Ini upaya pemerintah untuk mendorong UMKM agar berorientasi ekspor,nasional kontan,30 Apr 2021,,"Reporter: Bidara Pink | Editor: Tendi Mahadi. KONTAN.CO.ID - JAKARTA. 
Kementerian Koordinator Bidang Perekonomian berupaya keras dalam melecut 
kinerja Usaha...",https://nasional.kontan.co.id/news/ini-upaya-pemerintah-untuk-mendorong-umkm-agar-berorientasi-ekspor,"data:image/gif;base64,R0lGODlhAQABAIAAAP///////yH5BAEKAAEALAAAAAABAAEAAAICTAEAOw==",kontan
"Peraturan Pelaksana UU Cipta Kerja Terbit, Apa Manfaatnya untuk UMKM? - Kompas.com",Kompas Money,3 Apr 2021,,"JAKARTA, KOMPAS.com – Pemerintah telah menyelesaikan Peraturan Pemerintah 
(PP) Nomor 7 Tahun 2021 tentang Kemudahan, Pelindungan, dan Pemberdayaan 
Koperasi...",https://money.kompas.com/read/2021/04/23/155849926/peraturan-pelaksana-uu-cipta-kerja-terbit-apa-manfaatnya-untuk-umkm,"data:image/gif;base64,R0lGODlhAQABAIAAAP///////yH5BAEKAAEALAAAAAABAAEAAAICTAEAOw==",kontan
BKPM gandeng HIPMI fasilitasi UMKM naik kelas,nasional kontan,2 Apr 2021,,"Reporter: Yusuf Imam Santoso | Editor: Handoyo . KONTAN.CO.ID - JAKARYA. 
Badan Koordinasi Penanaman Modal (BKPM) menandatangani perjanjian kerja 
sama dengan...",https://nasional.kontan.co.id/news/bkpm-gandeng-hipmi-fasilitasi-umkm-naik-kelas,"data:image/gif;base64,R0lGODlhAQABAIAAAP///////yH5BAEKAAEALAAAAAABAAEAAAICTAEAOw==",kontan
"Sidang Uji Formil UU Cipta Kerja Digelar MK Hari Ini, Apa Hasilnya? - Kompas.com",Kompas Money,1 Apr 2021,,"JAKARTA, KOMPAS.com - Mahkamah Konstitusi menggelar sidang pendahuluan uji 
formil UU Cipta Kerja, Rabu (21/4/2021). Hal ini dilakukan berdasarkan 
permohonan...",https://money.kompas.com/read/2021/04/21/161107126/sidang-uji-formil-uu-cipta-kerja-digelar-mk-hari-ini-apa-hasilnya,"data:image/gif;base64,R0lGODlhAQABAIAAAP///////yH5BAEKAAEALAAAAAABAAEAAAICTAEAOw==",kontan
Kementerian Koperasi dan UKM: Indonesia berpotensi jadi pusat ekonomi syariah,nasional kontan,Apr 2021,,"Reporter: Ratih Waseso | Editor: Noverius Laoli. KONTAN.CO.ID - JAKARTA. 
Menteri Koperasi dan UKM (MenkopUKM) Teten Masduki mendorong produk UMKM 
masuk ke...",https://nasional.kontan.co.id/news/kementerian-koperasi-dan-ukm-indonesia-berpotensi-jadi-pusat-ekonomi-syariah,"data:image/gif;base64,R0lGODlhAQABAIAAAP///////yH5BAEKAAEALAAAAAABAAEAAAICTAEAOw==",kontan
Akumindo: UMKM mulai bangkit di kuartal I tahun ini,nasional kontan,8 Mar 2021,,"Reporter: Vendy Yhulia Susanto | Editor: Khomarul Hidayat. KONTAN.CO.ID - 
JAKARTA. Ketua Asosiasi UMKM Indonesia (Akumindo) Muhammad Ikhsan 
Ingratubun...",https://nasional.kontan.co.id/news/akumindo-umkm-mulai-bangkit-di-kuartal-i-tahun-ini,"data:image/gif;base64,R0lGODlhAQABAIAAAP///////yH5BAEKAAEALAAAAAABAAEAAAICTAEAOw==",kontan
"Banjir praktik cross-border ilegal di platform e-commerce, ini kata pemerintah",industri kontan,6 Mar 2021,,"Reporter: Ratih Waseso | Editor: Anna Suci Perwitasari. KONTAN.CO.ID - 
JAKARTA. Pemerintah melalui Kementerian Koperasi dan UKM (KemenkopUKM) 
memastikan...",https://industri.kontan.co.id/news/banjir-praktik-cross-border-ilegal-di-platform-e-commerce-ini-kata-pemerintah,"data:image/gif;base64,R0lGODlhAQABAIAAAP///////yH5BAEKAAEALAAAAAABAAEAAAICTAEAOw==",kontan
Penerimaan pajak UMKM akan tersokong peningkatan ambang batas modal usaha,nasional kontan,Mar 2021,,"Reporter: Yusuf Imam Santoso | Editor: Herlina Kartika Dewi. KONTAN.CO.ID - 
JAKARTA. Penerimaan pajak Usaha Mikro Kecil Menengah (UMKM) tahun ini 
diprediksi...",https://nasional.kontan.co.id/news/penerimaan-pajak-umkm-akan-tersokong-peningkatan-ambang-batas-modal-usaha,"data:image/gif;base64,R0lGODlhAQABAIAAAP///////yH5BAEKAAEALAAAAAABAAEAAAICTAEAOw==",kontan
Ambang batas modal usaha UMKM semakin tinggi,nasional kontan,Mar 2021,,"Reporter: Yusuf Imam Santoso | Editor: Handoyo . KONTAN.CO.ID - JAKARTA. 
Pemerintah telah meningkatkan ambang batas modal usaha untuk Usaha Mikro 
Kecil...",https://nasional.kontan.co.id/news/ambang-batas-bodal-usaha-umkm-semakin-tinggi,"data:image/gif;base64,R0lGODlhAQABAIAAAP///////yH5BAEKAAEALAAAAAABAAEAAAICTAEAOw==",kontan
Ingat! Norma Standar Prosedur dan Kriteria (NSPK) akan berlaku tahun ini,nasional kontan,5 Feb 2021,,"Reporter: Yusuf Imam Santoso | Editor: Yudho Winarto. KONTAN.CO.ID - 
JAKARTA. Kepala Badan Koordinasi Penanaman Modal (BKPM) Bahlil Lahadalia 
menyampaikan...",https://nasional.kontan.co.id/news/ingat-nomor-standar-prosedur-dan-kriteria-nspk-akan-berlaku-tahun-ini,"data:image/gif;base64,R0lGODlhAQABAIAAAP///////yH5BAEKAAEALAAAAAABAAEAAAICTAEAOw==",kontan
Ini 3 kemudahan UMKM setelah terbitnya PP 7/2021,industri kontan,5 Feb 2021,,"Reporter: Yusuf Imam Santoso | Editor: Yudho Winarto. KONTAN.CO.ID - 
JAKARTA. Kepala Badan Koordinasi Penanaman Modal (BKPM) Bahlil Lahadalia 
menyampaikan...",https://industri.kontan.co.id/news/ini-3-kemudahan-umkm-setalah-terbitnya-pp-72021,"data:image/gif;base64,R0lGODlhAQABAIAAAP///////yH5BAEKAAEALAAAAAABAAEAAAICTAEAOw==",kontan
"Perpres 12/2021 terbit, pemerintah wajib alokasikan 40% belanja barang untuk UMK",nasional kontan,4 Feb 2021,,"Kementerian/lembaga dan pemerintah daerah wajib untuk belanja barang/jasa 
dari usaha mikro dan kecil (UMK).",https://nasional.kontan.co.id/news/perpres-122021-terbit-pemerintah-wajib-alokasikan-40-belanja-barang-untuk-umk,"data:image/gif;base64,R0lGODlhAQABAIAAAP///////yH5BAEKAAEALAAAAAABAAEAAAICTAEAOw==",kontan
Basis Data Tunggal UMKM Jadi Prioritas Pemerintah,Kompas.id,3 Feb 2021,,"Pemerintah memprioritaskan penyelenggaraan basis data tunggal UMKM. Data 
akurat yang selalu dimutakhirkan ikut menentukan ketepatan intervensi 
dukungan bagi...",https://www.kompas.id/baca/ekonomi/2021/02/23/basis-data-tunggal-umkm-jadi-prioritas-pemerintah,"data:image/gif;base64,R0lGODlhAQABAIAAAP///////yH5BAEKAAEALAAAAAABAAEAAAICTAEAOw==",kontan
"Kemenkop UKM: PP Nomor 7/2021 terbit, koperasi dan UMKM akan dapat banyak kemudahan",nasional kontan,3 Feb 2021,,"Dengan PP No.7/2021 diharapkan dapat memberikan kepastian usaha dan 
pengembangan usaha bagi Koperasi dan UMKM.",https://nasional.kontan.co.id/news/kemenkop-ukm-pp-nomor-72021-terbit-koperasi-dan-umkm-akan-dapat-banyak-kemudahan,"data:image/gif;base64,R0lGODlhAQABAIAAAP///////yH5BAEKAAEALAAAAAABAAEAAAICTAEAOw==",kontan
"PP Nomor 7 tahun 2021 terbit, pengawasan koperasi akan lebih mudah",nasional kontan,3 Feb 2021,,"Reporter: Ratih Waseso | Editor: Khomarul Hidayat. KONTAN.CO.ID - JAKARTA. 
Pemerintah telah menerbitkan Peraturan Pemerintah (PP) Nomor 7 tahun 2021 
tentang...",https://nasional.kontan.co.id/news/pp-nomor-7-tahun-2021-terbit-pengawasan-koperasi-akan-lebih-mudah,"data:image/gif;base64,R0lGODlhAQABAIAAAP///////yH5BAEKAAEALAAAAAABAAEAAAICTAEAOw==",kontan
Sah! Pemerintah tetapkan daftar positif investasi,nasional kontan,2 Feb 2021,,"Pemerintah telah menetapkan daftar positif investasi (DPI) sebagaimana 
tertuang dalam Perpres Nomor 10 Tahun 2021.",https://nasional.kontan.co.id/news/sah-pemerintah-tetapkan-daftar-positif-investasi,"data:image/gif;base64,R0lGODlhAQABAIAAAP///////yH5BAEKAAEALAAAAAABAAEAAAICTAEAOw==",kontan
"Akhirnya, pemerintah rilis 49 peraturan pelaksana UU Cipta Kerja",nasional kontan,1 Feb 2021,,"Turunan UU Cipta Kerja itu terdiri dari 45 Peraturan Pemerintah (PP) dan 4 
Peraturan Presiden (Perpres)",https://nasional.kontan.co.id/news/akhirnya-pemerintah-rilis-49-peraturan-pelaksana-uu-cipta-kerja,"data:image/gif;base64,R0lGODlhAQABAIAAAP///////yH5BAEKAAEALAAAAAABAAEAAAICTAEAOw==",kontan
Menkop UKM sambut positif tiga rekomendasi pengembangan UMKM dari Bappenas,nasional kontan,1 Feb 2021,,"Reporter: Ratih Waseso | Editor: Herlina Kartika Dewi. KONTAN.CO.ID - 
JAKARTA. Menteri Koperasi dan UKM (MenkopUKM) Teten Masduki menyambut baik 
dan...",https://nasional.kontan.co.id/news/menkop-ukm-sambut-positif-tiga-rekomendasi-pengembangan-umkm-dari-bappenas,"data:image/gif;base64,R0lGODlhAQABAIAAAP///////yH5BAEKAAEALAAAAAABAAEAAAICTAEAOw==",kontan
"Akhirnya, pemerintah rilis 49 peraturan pelaksana UU Cipta Kerja",nasional kontan,1 Feb 2021,,"Turunan UU Cipta Kerja itu terdiri dari 45 Peraturan Pemerintah (PP) dan 4 
Peraturan Presiden (Perpres)",https://nasional.kontan.co.id/news/akhirnya-pemerintah-rilis-49-peraturan-pelaksana-uu-cipta-kerja,"data:image/gif;base64,R0lGODlhAQABAIAAAP///////yH5BAEKAAEALAAAAAABAAEAAAICTAEAOw==",kontan
Menkop UKM sambut positif tiga rekomendasi pengembangan UMKM dari Bappenas,nasional kontan,1 Feb 2021,,"Reporter: Ratih Waseso | Editor: Herlina Kartika Dewi. KONTAN.CO.ID - 
JAKARTA. Menteri Koperasi dan UKM (MenkopUKM) Teten Masduki menyambut baik 
dan...",https://nasional.kontan.co.id/news/menkop-ukm-sambut-positif-tiga-rekomendasi-pengembangan-umkm-dari-bappenas,"data:image/gif;base64,R0lGODlhAQABAIAAAP///////yH5BAEKAAEALAAAAAABAAEAAAICTAEAOw==",kontan
"Pemerintah resmi teken 49 aturan turunan UU cipta kerja, berikut daftarnya",nasional kontan,8 Feb 2021,,"Reporter: Vendy Yhulia Susanto | Editor: Noverius Laoli. KONTAN.CO.ID - 
JAKARTA. Menteri Hukum dan HAM Yasonna Laoly mengatakan, 49 peraturan 
pelaksana UU...",https://nasional.kontan.co.id/news/pemerintah-resmi-teken-49-aturan-turunan-uu-cipta-kerja-berikut-daftarnya,"data:image/gif;base64,R0lGODlhAQABAIAAAP///////yH5BAEKAAEALAAAAAABAAEAAAICTAEAOw==",kontan
Menkop UKM harap UKM Virtual Expo 2021 memperluas pasar ekspor produk UMKM,nasional kontan,6 Feb 2021,,"Reporter: Ratih Waseso | Editor: Noverius Laoli. KONTAN.CO.ID - JAKARTA. 
Menteri Koperasi dan UKM (Menkop UKM) Teten Masduki mengatakan, ajang UKM 
Virtual...",https://nasional.kontan.co.id/news/menkop-ukm-harap-ukm-virtual-expo-2021-memperluas-pasar-ekspor-produk-umkm,"data:image/gif;base64,R0lGODlhAQABAIAAAP///////yH5BAEKAAEALAAAAAABAAEAAAICTAEAOw==",kontan
Upaya pemerintah mendorong Usaha Mikro Kecil (UMK) naik kelas,nasional kontan,Feb 2021,,"Reporter: Abdul Basith Bardan | Editor: Noverius Laoli. KONTAN.CO.ID - 
JAKARTA. Pemerintah tengah menyusun Rancangan Peraturan Pemerintah (RPP) 
tentang...",https://nasional.kontan.co.id/news/upaya-pemerintah-mendorong-usaha-mikro-kecil-umk-naik-kelas,"data:image/gif;base64,R0lGODlhAQABAIAAAP///////yH5BAEKAAEALAAAAAABAAEAAAICTAEAOw==",kontan
Ini alasan pemerintah mengubah ketentuan daftar positif investasi,NewsSetup,Feb 2021,,"KONTAN.CO.ID - JAKARTA. Pemerintah telah merombak ketentuan daftar positif 
investasi. Salah satunya perubahan atas persyaratan batasan kepemilikan 
modal...",https://newssetup.kontan.co.id/news/ini-alasan-pemerintah-mengubah-ketentuan-daftar-positif-investasi?page=all,"data:image/gif;base64,R0lGODlhAQABAIAAAP///////yH5BAEKAAEALAAAAAABAAEAAAICTAEAOw==",kontan
Menkop UKM: Koperasi Mahasiswa bisa menjadi laboratorium perkoperasian,Keuangan - Kontan Online,Feb 2021,,"Reporter: Ratih Waseso | Editor: Anna Suci Perwitasari. KONTAN.CO.ID - 
JAKARTA. Menteri Koperasi dan UKM (Menkop UKM) Teten Masduki mengatakan,...",https://keuangan.kontan.co.id/news/menkop-ukm-koperasi-mahasiswa-bisa-menjadi-laboratorium-perkoperasian,"data:image/gif;base64,R0lGODlhAQABAIAAAP///////yH5BAEKAAEALAAAAAABAAEAAAICTAEAOw==",kontan
UMKM inginkan kebijakan yang tidak memberatkan dalam aturan turunan UU Cipta Kerja,NewsSetup,3 Jan 2021,,"KONTAN.CO.ID - JAKARTA. Terkait aturan turunan dari Undang-Undang (UU) No 
11 tahun 2020 atau UU Cipta Kerja pemerintah diminta menyusun aturan yang 
tidak...",https://newssetup.kontan.co.id/news/umkm-inginkan-kebijakan-yang-tidak-memberatkan-dalam-aturan-turunan-uu-cipta-kerja?page=all,"data:image/gif;base64,R0lGODlhAQABAIAAAP///////yH5BAEKAAEALAAAAAABAAEAAAICTAEAOw==",kontan
Kemenkop UKM dorong peningkatan akses pembiayaan bagi UMKM,nasional kontan,8 Jan 2021,,"Mempercepat digitaliasi UMKM. Saat ini baru 10,25 juta UMKM yang terhubung 
dengan platform digital.",https://nasional.kontan.co.id/news/kemenkop-ukm-dorong-peningkatan-akses-pembiayaan-bagi-umkm,"data:image/gif;base64,R0lGODlhAQABAIAAAP///////yH5BAEKAAEALAAAAAABAAEAAAICTAEAOw==",kontan
UU Cipta Kerja berikan pendampingan dan perlindungan ke UMKM,nasional kontan,Jan 2021,,"Rancangan RPP Cipta Kerja terkait perizinan usaha, koperasi, dan Usaha 
Mikro Kecil dan Menengah (UMKM) terus digodok.",https://nasional.kontan.co.id/news/uu-cipta-kerja-berikan-pendampingan-dan-perlindungan-ke-umkm,"data:image/gif;base64,R0lGODlhAQABAIAAAP///////yH5BAEKAAEALAAAAAABAAEAAAICTAEAOw==",kontan
Guru Besar IPB: UU Cipta Kerja mereformasi regulasi perizinan,nasional kontan,Jan 2021,,"UU Ciptaker ini akan memberikan kepastian hukum, menciptakan efisiensi 
regulasi perizinan usaha dan daya saing investasi.",https://nasional.kontan.co.id/news/guru-besar-ipb-uu-cipta-kerja-mereformasi-regulasi-perizinan,"data:image/gif;base64,R0lGODlhAQABAIAAAP///////yH5BAEKAAEALAAAAAABAAEAAAICTAEAOw==",kontan
"Usaha Mikro Kecil semakin banyak, BKPM catata 1,2 juta NIB telah diajukan",nasional kontan,Jan 2021,,"Total pengajuan Nomor Induk Berusaha (NIB) melalui sistem Online Single 
Submission (OSS) di 2020 capai 1,52 juta NIB.",https://nasional.kontan.co.id/news/usaha-mikro-kecil-semakin-banyak-bkpm-catata-12-juta-nib-telah-diajukan,"data:image/gif;base64,R0lGODlhAQABAIAAAP///////yH5BAEKAAEALAAAAAABAAEAAAICTAEAOw==",kontan
Pentingnya partisipasi masyarakat dalam implementasi UU Cipta Kerja,nasional kontan,Jan 2021,,"Implementasi Undang-Undang (UU) Nomor 11 tahun 2020 tentang Cipta Kerja 
(Ciptaker) dapat meningkatkan kemudahan berusaha.",https://nasional.kontan.co.id/news/pentingnya-partisipasi-masyarakat-dalam-implementasi-uu-cipta-kerja,"data:image/gif;base64,R0lGODlhAQABAIAAAP///////yH5BAEKAAEALAAAAAABAAEAAAICTAEAOw==",kontan
Pengamat: Investor asing makin optimistis dengan UU Cipta Kerja,nasional kontan,1 Des 2020,,"Reporter: Yudho Winarto | Editor: Yudho Winarto. KONTAN.CO.ID - ​JAKARTA. 
Keberadaan Undang-undang Nomor 11 tahun 2020 tentang Cipta Kerja (UU 
Ciptaker)...",https://nasional.kontan.co.id/news/pengamat-investor-asing-makin-optimistis-dengan-uu-cipta-kerja,"data:image/gif;base64,R0lGODlhAQABAIAAAP///////yH5BAEKAAEALAAAAAABAAEAAAICTAEAOw==",kontan
Menkop UKM dorong koperasi peternak sapi punya industri pengolahan susu,nasional kontan,20 Des 2020,,"Reporter: Vendy Yhulia Susanto | Editor: Noverius Laoli. KONTAN.CO.ID - 
JAKARTA. Menteri Koperasi dan UKM Teten Masduki mendorong agar peternak 
atau...",https://nasional.kontan.co.id/news/menkop-ukm-dorong-koperasi-peternak-sapi-punya-industri-pengolahan-susu,"data:image/gif;base64,R0lGODlhAQABAIAAAP///////yH5BAEKAAEALAAAAAABAAEAAAICTAEAOw==",kontan
UU Cipta Kerja menarik minat investor asing sektor ekonomi digital,nasional kontan,20 Des 2020,,"Melalui UU Cipta Kerja mempermudah proses perizinan berusaha dan 
berinvestasi dengan memangkas berbagai alur birokrasi.",https://nasional.kontan.co.id/news/uu-cipta-kerja-menarik-minat-investor-asing-sektor-ekonomi-digital,"data:image/gif;base64,R0lGODlhAQABAIAAAP///////yH5BAEKAAEALAAAAAABAAEAAAICTAEAOw==",kontan
Akademisi sebut UU Cipta Kerja berikan harapan baru bagi pekerja formal dan informal,nasional kontan,5 Des 2020,,"Reporter: Yudho Winarto | Editor: Yudho Winarto. KONTAN.CO.ID - JAKARTA. 
Undang-Undang (UU) Nomor 11 Tahun 2020 tentang Cipta Kerja (Ciptaker) 
memberikan...",https://nasional.kontan.co.id/news/akademisi-sebut-uu-cipta-kerja-berikan-harapan-baru-bagi-pekerja-formal-dan-informal,"data:image/gif;base64,R0lGODlhAQABAIAAAP///////yH5BAEKAAEALAAAAAABAAEAAAICTAEAOw==",kontan
Pelaku UMKM harus memanfaatkan keberadaan UU Cipta Kerja,industri kontan,3 Des 2020,,"Reporter: Yudho Winarto | Editor: Yudho Winarto. KONTAN.CO.ID - JAKARTA. 
Dalam pasal 3 Undang-Undang (UU) nomor 11/2020 tentang Cipta Kerja 
disebutkan,...",https://industri.kontan.co.id/news/pelaku-umkm-harus-memanfaatkan-keberadaan-uu-cipta-kerja,"data:image/gif;base64,R0lGODlhAQABAIAAAP///////yH5BAEKAAEALAAAAAABAAEAAAICTAEAOw==",kontan
Pengusaha menanti implementasi aturan turunan UU Cipta Kerja,nasional kontan,2 Des 2020,,"Reporter: Yudho Winarto | Editor: Yudho Winarto. KONTAN.CO.ID - JAKARTA. 
Pengusaha Hari Hardono menyampaikan, ada dua persoalan utama yang selama 
ini...",https://nasional.kontan.co.id/news/pengusaha-menanti-implementasi-aturan-turunan-uu-cipta-kerja,"data:image/gif;base64,R0lGODlhAQABAIAAAP///////yH5BAEKAAEALAAAAAABAAEAAAICTAEAOw==",kontan
Pakar UMKM: UU Cipta Kerja mendukung entrepreneurship,industri kontan,1 Des 2020,,"Reporter: Yudho Winarto | Editor: Yudho Winarto. KONTAN.CO.ID - JAKARTA. 
Pakar Usaha Mikro, Kecil dan Menengah (UMKM) dari Universitas Padjadjaran 
Asep...",https://industri.kontan.co.id/news/pakar-umkm-uu-cipta-kerja-mendukung-entrepreneurship,"data:image/gif;base64,R0lGODlhAQABAIAAAP///////yH5BAEKAAEALAAAAAABAAEAAAICTAEAOw==",kontan
Pengamat Ekonomi: UU Cipta Kerja berikan akses kemudahan berusaha bagi UMKM,nasional kontan,Des 2020,,"Reporter: Yudho Winarto | Editor: Yudho Winarto. KONTAN.CO.ID - JAKARTA. 
Keberadaan Undang-undang Nomor 11 tahun 2020 tentang Cipta Kerja (UU 
Ciptaker)...",https://nasional.kontan.co.id/news/pengamat-ekonomi-uu-cipta-kerja-berikan-akses-kemudahan-berusaha-bagi-umkm,"data:image/gif;base64,R0lGODlhAQABAIAAAP///////yH5BAEKAAEALAAAAAABAAEAAAICTAEAOw==",kontan
KemenkopUKM dorong perguruan tinggi kembangkan kewirausahaan mahasiswa,nasional kontan,Des 2020,,"Reporter: Ratih Waseso | Editor: Noverius Laoli. KONTAN.CO.ID - JAKARTA. 
Sekretaris Kementerian Koperasi dan UKM (SeskemenkopUKM) Rully Indrawan 
menuturkan,...",https://nasional.kontan.co.id/news/kemenkopukm-dorong-perguruan-tinggi-kembangkan-kewirausahaan-mahasiswa,"data:image/gif;base64,R0lGODlhAQABAIAAAP///////yH5BAEKAAEALAAAAAABAAEAAAICTAEAOw==",kontan
REI: UU Cipta Kerja dorong sektor properti,industri kontan,8 Nov 2020,,"Reporter: Yudho Winarto | Editor: Yudho Winarto. KONTAN.CO.ID - JAKARTA . 
Sebagian pihak menilai pasal-pasal terkait sektor pertanahan dalam 
Undang-undang...",https://industri.kontan.co.id/news/rei-uu-cipta-kerja-dorong-sektor-properti,"data:image/gif;base64,R0lGODlhAQABAIAAAP///////yH5BAEKAAEALAAAAAABAAEAAAICTAEAOw==",kontan
Apa saja efek positif UU Cipta Kerja ke sektor industri pariwisata?,industri kontan,2 Nov 2020,,"Reporter: Yudho Winarto | Editor: Yudho Winarto. KONTAN.CO.ID - ​JAKARTA. 
Pengamat industri pariwisata Muslim Jayadi mengatakan, ada sejumlah 
manfaat...",https://industri.kontan.co.id/news/apa-saja-efek-positif-uu-cipta-kerja-ke-sektor-industri-pariwisata,"data:image/gif;base64,R0lGODlhAQABAIAAAP///////yH5BAEKAAEALAAAAAABAAEAAAICTAEAOw==",kontan
UU Cipta Kerja akan mendorong kemudahan berusaha dan investasi,nasional kontan,8 Nov 2020,,"Reporter: Venny Suryanto | Editor: Khomarul Hidayat. KONTAN.CO.ID - 
JAKARTA. Peran Kementerian Keuangan di Undang-Undang (UU) Cipta Kerja 
sangat penting...",https://nasional.kontan.co.id/news/uu-cipta-kerja-akan-mendorong-kemudahan-berusaha-dan-investasi,"data:image/gif;base64,R0lGODlhAQABAIAAAP///////yH5BAEKAAEALAAAAAABAAEAAAICTAEAOw==",kontan
Kemenkop UKM tegaskan layanan koperasi hanya untuk anggota,Keuangan - Kontan Online,5 Nov 2020,,"Reporter: Maizal Walfajri | Editor: Tendi Mahadi. KONTAN.CO.ID - JAKARTA. 
Kementerian Koperasi dan UKM memastikan kegiatan pada koperasi hanya bisa...",https://keuangan.kontan.co.id/news/kemenkop-ukm-tegaskan-layanan-koperasi-hanya-untuk-anggota,"data:image/gif;base64,R0lGODlhAQABAIAAAP///////yH5BAEKAAEALAAAAAABAAEAAAICTAEAOw==",kontan
Menteri Koperasi dan UKM: Fintech dibutuhkan UMKM untuk berkembang,Keuangan - Kontan Online,2 Nov 2020,,"Reporter: Maizal Walfajri | Editor: Anna Suci Perwitasari. KONTAN.CO.ID - 
JAKARTA. Pemerintah menyadari pentingnya fintech yang juga dibutuhkan oleh 
usaha...",https://keuangan.kontan.co.id/news/menteri-koperasi-dan-ukm-fintech-dibutuhkan-umkm-untuk-berkembang,"data:image/gif;base64,R0lGODlhAQABAIAAAP///////yH5BAEKAAEALAAAAAABAAEAAAICTAEAOw==",kontan
Kepala Daerah ini sebut UU Cipta Kerja memiliki nafas sejahterakan masyarakat,nasional kontan,Nov 2020,,"Reporter: Yudho Winarto | Editor: Yudho Winarto. KONTAN.CO.ID - JAKARTA. 
Undang-Undang No. 11 Tahun 2020 tentang Cipta Kerja (UU Cipta Kerja),...",https://nasional.kontan.co.id/news/kepala-daerah-ini-sebut-uu-cipta-kerja-memiliki-nafas-sejahterakan-masyarakat,"data:image/gif;base64,R0lGODlhAQABAIAAAP///////yH5BAEKAAEALAAAAAABAAEAAAICTAEAOw==",kontan
"Menurut Sofyan Djalil, UU Cipta Kerja Mudahkan Perizinan Berusaha UMKM - Kompas.com",Kompas.com,Nov 2020,,"UU Nomor 11 Tahun 2020 tentang Cipta Kerja dapat memudahkan perizinan 
berusaha bagi Usaha Kecil Menengah (UKM).",https://www.kompas.com/properti/read/2020/11/05/113630621/menurut-sofyan-djalil-uu-cipta-kerja-mudahkan-perizinan-berusaha-umkm,"data:image/gif;base64,R0lGODlhAQABAIAAAP///////yH5BAEKAAEALAAAAAABAAEAAAICTAEAOw==",kontan
Pekerja sektor UMKM dan koperasi bakal dapat jaminan sosial tenaga kerja,nasional kontan,Nov 2020,,"Reporter: Lidya Yuniartha | Editor: Khomarul Hidayat. KONTAN.CO.ID - 
JAKARTA. Pekerja di sektor usaha mikro kecil dan menengah (UMKM) serta 
koperasi bakal...",https://nasional.kontan.co.id/news/pekerja-sektor-umkm-dan-koperasi-bakal-dapat-jaminan-sosial-tenaga-kerja-1,"data:image/gif;base64,R0lGODlhAQABAIAAAP///////yH5BAEKAAEALAAAAAABAAEAAAICTAEAOw==",kontan
Respons KPPU terkait perubahan sejumlah pasal persaingan usaha di UU Cipta Kerja,nasional kontan,Nov 2020,,"Reporter: Vendy Yhulia Susanto | Editor: Noverius Laoli. KONTAN.CO.ID - 
JAKARTA. Presiden Jokowi meneken UU nomor 11 tahun 2020 tentang cipta kerja 
pada 2...",https://nasional.kontan.co.id/news/respons-kppu-terkait-perubahan-sejumlah-pasal-persaingan-usaha-di-uu-cipta-kerja,"data:image/gif;base64,R0lGODlhAQABAIAAAP///////yH5BAEKAAEALAAAAAABAAEAAAICTAEAOw==",kontan
Kopindo: Milenial dimudahkan dengan syarat pendirian koperasi dalam UU Cipta Kerja,nasional kontan,Nov 2020,,"Reporter: Ratih Waseso | Editor: Anna Suci Perwitasari. KONTAN.CO.ID - 
JAKARTA. Undang-Undang (UU) Cipta Kerja memudahkan masyarakat untuk 
mendirikan...",https://nasional.kontan.co.id/news/kopindo-milenial-dimudahkan-dengan-syarat-pendirian-koperasi-dalam-uu-cipta-kerja,"data:image/gif;base64,R0lGODlhAQABAIAAAP///////yH5BAEKAAEALAAAAAABAAEAAAICTAEAOw==",kontan
"Ini dia aturan pembentukan koperasi di UU Cipta Kerja, cukup 9 orang saja",nasional kontan,Nov 2020,,"Reporter: Ratih Waseso | Editor: Noverius Laoli. KONTAN.CO.ID - JAKARTA. 
Undang-Undang (UU) Cipta Kerja yang disahkan pada rapat Paripurna DPR RI 
pada 5...",https://nasional.kontan.co.id/news/ini-dia-aturan-pembentukan-koperasi-di-uu-cipta-kerja-cukup-9-orang-saja,"data:image/gif;base64,R0lGODlhAQABAIAAAP///////yH5BAEKAAEALAAAAAABAAEAAAICTAEAOw==",kontan
Melihat peran UU Cipta Kerja terhadap Kawasan Ekonomi Khusus (KEK),nasional kontan,Nov 2020,,"Reporter: Venny Suryanto | Editor: Noverius Laoli. KONTAN.CO.ID - JAKARTA. 
Ekonom Indef menyebutkan peran Undang-Undang Cipta Kerja atau Omnibus Law 
di...",https://nasional.kontan.co.id/news/melihat-peran-uu-cipta-kerja-terhadap-kawasan-ekonomi-khusus-kek,"data:image/gif;base64,R0lGODlhAQABAIAAAP///////yH5BAEKAAEALAAAAAABAAEAAAICTAEAOw==",kontan
Sederet kemudahan UMKM dalam UU Cipta Kerja dari perizinan hingga perluas pasar,nasional kontan,Nov 2020,,"Reporter: Ratih Waseso | Editor: Yudho Winarto. KONTAN.CO.ID - JAKARTA. 
Deputi Bidang Pengembangan SDM Kementerian Koperasi dan UKM (KemenkopUKM) 
Arif...",https://nasional.kontan.co.id/news/sederet-kemudahan-umkm-dalam-uu-cipta-kerja-dari-perizinan-hingga-perluas-pasar,"data:image/gif;base64,R0lGODlhAQABAIAAAP///////yH5BAEKAAEALAAAAAABAAEAAAICTAEAOw==",kontan
Pemda Papua berencana bentuk koperasi grosir di tahun depan,Regional,9 Okt 2020,,"KONTAN.CO.ID - JAKARTA. Pada 2021 mendatang, pemerintah Papua menginginkan 
terbentuknya koperasi yang bergerak di sektor grosir.",https://regional.kontan.co.id/news/pemda-papua-berencana-bentuk-koperasi-grosir-di-tahun-depan,"data:image/gif;base64,R0lGODlhAQABAIAAAP///////yH5BAEKAAEALAAAAAABAAEAAAICTAEAOw==",kontan
Menteri Koperasi: Inkubasi wadah tepat ciptakan UMKM unggul dan lapangan kerja,nasional kontan,8 Okt 2020,,"Reporter: Ratih Waseso | Editor: Khomarul Hidayat. KONTAN.CO.ID - JAKARTA. 
Menteri Koperasi dan Teten Masduki mengatakan, pendekatan inkubasi 
merupakan...",https://nasional.kontan.co.id/news/menteri-koperasi-inkubasi-wadah-tepat-ciptakan-umkm-unggul-dan-lapangan-kerja,"data:image/gif;base64,R0lGODlhAQABAIAAAP///////yH5BAEKAAEALAAAAAABAAEAAAICTAEAOw==",kontan
Pemerintah berencana wajibkan K/L belanja produk UMKM minimal 40% dari pagunya,nasional kontan,2 Okt 2020,,"Reporter: Vendy Yhulia Susanto | Editor: Handoyo . KONTAN.CO.ID - JAKARTA. 
Presiden Joko Widodo bakal mewajibkan seluruh Kementerian dan Lembaga 
(K/L)...",https://nasional.kontan.co.id/news/pemerintah-berencana-wajibkan-kl-belanja-produk-umkm-minimal-40-dari-pagunya,"data:image/gif;base64,R0lGODlhAQABAIAAAP///////yH5BAEKAAEALAAAAAABAAEAAAICTAEAOw==",kontan
"Setahun Jokowi-Ma'ruf Amin, pengusaha apresiasi kebijakan pemerintah di bidang UMKM",nasional kontan,20 Okt 2020,,"Salah satu keberhasilan pemerintahan Jokowi-Ma'ruf adalah memberikan 
kemudahan perizinan bagi sektor UMKM.",https://nasional.kontan.co.id/news/setahun-jokowi-maruf-amin-pengusaha-apresiasi-kebijakan-pemerintah-di-bidang-umkm,"data:image/gif;base64,R0lGODlhAQABAIAAAP///////yH5BAEKAAEALAAAAAABAAEAAAICTAEAOw==",kontan
Menteri Teten siapkan pilot project koperasi nelayan,Keuangan - Kontan Online,8 Okt 2020,,"Reporter: Vendy Yhulia Susanto | Editor: Anna Suci Perwitasari. 
KONTAN.CO.ID - JAKARTA. Kementerian Koperasi dan UKM tengah merancang pilot 
project...",https://keuangan.kontan.co.id/news/menteri-teten-siapkan-pilot-project-koperasi-nelayan,"data:image/gif;base64,R0lGODlhAQABAIAAAP///////yH5BAEKAAEALAAAAAABAAEAAAICTAEAOw==",kontan
"UU Cipta Kerja, Moeldoko: Masih terbuka untuk mengakomodir suara buruh",nasional kontan,7 Okt 2020,,"Kepala Staf Kepresidenan Moeldoko menegaskan, masih terbuka kesempatan 
untuk mengakomodir suara pekerja dan buruh terkait UU Cipta Kerja.",https://nasional.kontan.co.id/news/uu-cipta-kerja-moeldoko-masih-terbuka-untuk-mengakomodir-suara-buruh,"data:image/gif;base64,R0lGODlhAQABAIAAAP///////yH5BAEKAAEALAAAAAABAAEAAAICTAEAOw==",kontan
Perumusan aturan turunan UU Cipta Kerja perlu melibatkan publik,nasional kontan,5 Okt 2020,,"Reporter: Sugeng Adji Soenarso | Editor: Handoyo . KONTAN.CO.ID - JAKARTA. 
Presiden Joko Widodo (Jokowi) disarankan melibatkan publik dalam membuat 
aturan...",https://nasional.kontan.co.id/news/perumusan-aturan-turunan-uu-cipta-kerja-perlu-melibatkan-publik,"data:image/gif;base64,R0lGODlhAQABAIAAAP///////yH5BAEKAAEALAAAAAABAAEAAAICTAEAOw==",kontan
Peluang pasar UMKM dinilai makin besar lewat kemitraan dengan usaha besar,nasional kontan,1 Okt 2020,,"Reporter: Ratih Waseso | Editor: Tendi Mahadi. KONTAN.CO.ID - JAKARTA. 
Ketua Umum Asosiasi UMKM Indonesia (Akumindo) Muhammad Ikhsan Ingratubun 
menilai,...",https://nasional.kontan.co.id/news/peluang-pasar-umkm-dinilai-makin-besar-lewat-kemitraan-dengan-usaha-besar,"data:image/gif;base64,R0lGODlhAQABAIAAAP///////yH5BAEKAAEALAAAAAABAAEAAAICTAEAOw==",kontan
Menteri Desa beberkan beberapa keuntungan UU Cipta kerja bagi desa,nasional kontan,Okt 2020,,"Menteri Desa Abdul Halim Iskandar menyebutkan berbagai keuntungan yang bisa 
didapatkan masyarakat desa melalui UU Cipta Kerja.",https://nasional.kontan.co.id/news/menteri-desa-beberkan-beberapa-keuntungan-uu-cipta-kerja-bagi-desa,"data:image/gif;base64,R0lGODlhAQABAIAAAP///////yH5BAEKAAEALAAAAAABAAEAAAICTAEAOw==",kontan
Pemerintah bantah hilangkan kewajiban amdal dalam UU Cipta Kerja,nasional kontan,Okt 2020,,"Pemerintah membantah menghilangkan ketentuan analisis mengenai dampak 
lingkungan (amdal) dalam UU Cipta Kerja.",https://nasional.kontan.co.id/news/pemerintah-bantah-hilangkan-kewajiban-amdal-dalam-uu-cipta-kerja,"data:image/gif;base64,R0lGODlhAQABAIAAAP///////yH5BAEKAAEALAAAAAABAAEAAAICTAEAOw==",kontan
Apindo: Omnibus law merupakan hasil kerja sama dari berbagai pihak,nasional kontan,Okt 2020,,"Reporter: Ratih Waseso | Editor: Handoyo . KONTAN.CO.ID - JAKARTA. Ketua 
Bidang Perdagangan Asosiasi Pengusaha Indonesia (Apindo) Benny Soetrisno 
mengatakan...",https://nasional.kontan.co.id/news/apindo-omnibus-law-merupakan-hasil-kerja-sama-dari-berbagai-pihak,"data:image/gif;base64,R0lGODlhAQABAIAAAP///////yH5BAEKAAEALAAAAAABAAEAAAICTAEAOw==",kontan
Pengusaha ritel dukung pengesahan aturan Undang-Undang Cipta Kerja,industri kontan,Okt 2020,,"Reporter: Sugeng Adji Soenarso | Editor: Tendi Mahadi. KONTAN.CO.ID - 
JAKARTA. Pengusaha ritel mengapresiasi pengesahan Undang-Undang (UU) Cipta 
Kerja.",https://industri.kontan.co.id/news/pengusaha-ritel-dukung-pengesahan-aturan-undang-undang-cipta-kerja,"data:image/gif;base64,R0lGODlhAQABAIAAAP///////yH5BAEKAAEALAAAAAABAAEAAAICTAEAOw==",kontan
Pemerintah sebut pemberdayaan UKM ditingkatkan dalam RUU Cipta Kerja,nasional kontan,2 Sep 2020,,"Reporter: Vendy Yhulia Susanto | Editor: Handoyo . KONTAN.CO.ID - JAKARTA. 
Pemerintah mengklaim pemberdayaan UKM akan ditingkatkan melalui RUU Cipta 
Kerja.",https://nasional.kontan.co.id/news/pemerintah-sebut-pemberdayaan-ukm-ditingkatkan-dalam-ruu-cipta-kerja,"data:image/gif;base64,R0lGODlhAQABAIAAAP///////yH5BAEKAAEALAAAAAABAAEAAAICTAEAOw==",kontan
Kemenkop UKM usulkan pembentukan LPS bagi koperasi pada RUU Cipta Kerja,Keuangan - Kontan Online,20 Jul 2020,,"Reporter: Maizal Walfajri | Editor: Tendi Mahadi. KONTAN.CO.ID - JAKARTA. 
Kementerian Koperasi dan UKM tengah berupaya meningkatkan pengawasan 
terhadap...",https://keuangan.kontan.co.id/news/kemenkop-ukm-usulkan-pembentukan-lps-bagi-koperasi-pada-ruu-cipta-kerja,"data:image/gif;base64,R0lGODlhAQABAIAAAP///////yH5BAEKAAEALAAAAAABAAEAAAICTAEAOw==",kontan
Pengusaha nilai nasib UMKM masih samar di RUU Cipta Kerja,nasional kontan,30 Apr 2020,,"Reporter: Fahriyadi | Editor: Fahriyadi . KONTAN.CO.ID - JAKARTA. Nasib 
pelaku Usaha Mikro Kecil dan Menengah (UMKM) masih samar dalam Rancangan...",https://nasional.kontan.co.id/news/pengusaha-nilai-nasib-umkm-masih-samar-di-ruu-cipta-kerja,"data:image/gif;base64,R0lGODlhAQABAIAAAP///////yH5BAEKAAEALAAAAAABAAEAAAICTAEAOw==",kontan
Digitalisasi Keuangan Bantu Ekonomi RI Sembuh dari Pandemi,CNBC Indonesia,bulan lalu,,"Digitalisasi akses keuangan penting diwujudkan untuk pemulihan ekonomi 
tanah air.",https://www.cnbcindonesia.com/tech/20220512110909-37-338428/digitalisasi-keuangan-bantu-ekonomi-ri-sembuh-dari-pandemi,"data:image/gif;base64,R0lGODlhAQABAIAAAP///////yH5BAEKAAEALAAAAAABAAEAAAICTAEAOw==",cnbc
Kadin: Penguatan Ekosistem Digital UMKM Demi Pulihkan Ekonomi,CNBC Indonesia,4 Nov 2021,,"Ketua Kamar Dagang Indonesia (Kadin) optimistis pertumbuhan ekonomi 
Indonesia akan terus tumbuh, terutama di tahun 2022.",https://www.cnbcindonesia.com/news/20211124180250-4-294158/kadin-penguatan-ekosistem-digital-umkm-demi-pulihkan-ekonomi,"data:image/gif;base64,R0lGODlhAQABAIAAAP///////yH5BAEKAAEALAAAAAABAAEAAAICTAEAOw==",cnbc
UMKM Punya Peluang Ikut Pengadaan Barang Jasa Pemerintah,CNBC Indonesia,4 Okt 2021,,"Pelaku usaha mikro, kecil, dan menengah (UMKM) kini memiliki kesempatan 
menjadi peserta lelang pengadaan barang dan jasa.",https://www.cnbcindonesia.com/news/20211014194846-4-284016/umkm-punya-peluang-ikut-pengadaan-barang-jasa-pemerintah,"data:image/gif;base64,R0lGODlhAQABAIAAAP///////yH5BAEKAAEALAAAAAABAAEAAAICTAEAOw==",cnbc
RUU KUP Jangan Rugikan Pelaku Usaha Mikro dan Kecil!,CNBC Indonesia,1 Agu 2021,,"Jakarta, CNBC Indonesia - Kolaborasi Usaha Kecil dan Menengah Nasional 
merilis pernyataan sikap merespons pembahasan RUU Ketentuan Umum dan Tata 
Cara...",https://www.cnbcindonesia.com/entrepreneur/20210831131412-25-272567/ruu-kup-jangan-rugikan-pelaku-usaha-mikro-dan-kecil,"data:image/gif;base64,R0lGODlhAQABAIAAAP///////yH5BAEKAAEALAAAAAABAAEAAAICTAEAOw==",cnbc
Sederet Jurus Pemerintah Pulihkan UMKM di Masa Pandemi,CNBC Indonesia,8 Apr 2021,,"Jakarta, CNBC Indonesia - Perekonomian global mulai pulih dan diperkirakan 
tumbuh positif pada 2021, setelah terkontraksi pada kuartal II-2020.",https://www.cnbcindonesia.com/news/20210428163320-4-241590/sederet-jurus-pemerintah-pulihkan-umkm-di-masa-pandemi,"data:image/gif;base64,R0lGODlhAQABAIAAAP///////yH5BAEKAAEALAAAAAABAAEAAAICTAEAOw==",cnbc
"Bukan Limbah, Potensi FABA di Indonesia Capai 11 Juta Ton",CNBC Indonesia,1 Apr 2021,,"Jakarta, CNBC Indonesia - UU Cipta Kerja telah mengeluarkan limbah batu 
bara hasil pembakaran yaitu Fly Ash dan Bottom Ash (FABA) dari kategori 
limbah Bahan...",https://www.cnbcindonesia.com/market/20210421154337-17-239670/bukan-limbah-potensi-faba-di-indonesia-capai-11-juta-ton,"data:image/gif;base64,R0lGODlhAQABAIAAAP///////yH5BAEKAAEALAAAAAABAAEAAAICTAEAOw==",cnbc
"Dukung UU Ciptaker, BRI Beri Kemudahan Pembiayaan UMKM",CNBC Indonesia,Apr 2021,,"Jakarta, CNBC Indonesia - Pelaku usaha mikro, kecil, dan menengah (UMKM) 
tak perlu khawatir lagi akan menghadapi prosedur yang rumit dan panjang 
untuk...",https://www.cnbcindonesia.com/market/20210409175105-17-236677/dukung-uu-ciptaker-bri-beri-kemudahan-pembiayaan-umkm,"data:image/gif;base64,R0lGODlhAQABAIAAAP///////yH5BAEKAAEALAAAAAABAAEAAAICTAEAOw==",cnbc
"Pulihkan Ekonomi RI, Pemerintah Fokus ke UMKM",CNBC Indonesia,2 Mar 2021,,"Pemerintah melalui Pemulihan Ekonomi Nasional (PEN) memberikan dukungan 
sebesar Rp 184 triliun pada 2021 bagi UMKM.",https://www.cnbcindonesia.com/news/20210312131141-4-229677/pulihkan-ekonomi-ri-pemerintah-fokus-ke-umkm,"data:image/gif;base64,R0lGODlhAQABAIAAAP///////yH5BAEKAAEALAAAAAABAAEAAAICTAEAOw==",cnbc
Pandemi Bikin Banyak Orang Mendadak Jadi Pedagang Online,CNBC Indonesia,Mar 2021,,"Jakarta, CNBC Indonesia - Kementerian Koperasi dan Usaha Kecil Menengah 
(Kemenkop UKM) mencatat penambahan jumlah pedagang online di platform 
e-commerce.",https://www.cnbcindonesia.com/news/20210305160333-4-228169/pandemi-bikin-banyak-orang-mendadak-jadi-pedagang-online,"data:image/gif;base64,R0lGODlhAQABAIAAAP///////yH5BAEKAAEALAAAAAABAAEAAAICTAEAOw==",cnbc
"Aturan Baru, Pengelola Tol Wajib Beri 30% Lapak untuk UMKM",CNBC Indonesia,2 Feb 2021,,"Jakarta, CNBC Indonesia - Pemerintah mengubah peraturan pemerintah (PP) 
tentang jalan tol. Salah satu pasal menyebut Badan Usaha harus 
mengalokasikan lahan...",https://www.cnbcindonesia.com/news/20210222184122-4-225311/aturan-baru-pengelola-tol-wajib-beri-30-lapak-untuk-umkm,"data:image/gif;base64,R0lGODlhAQABAIAAAP///////yH5BAEKAAEALAAAAAABAAEAAAICTAEAOw==",cnbc
"Aturan Turunan UU Cipta Kerja Kelar, Ini Daftar Lengkapnya",CNBC Indonesia,1 Feb 2021,,"Jakarta, CNBC Indonesia - Pemerintah telah menyelesaikan 51 peraturan 
pelaksanaan Undang-Undang Nomor 11 Tahun 2020 tentang Cipta Kerja (UU Cipta 
Kerja).",https://www.cnbcindonesia.com/news/20210221204401-4-225022/aturan-turunan-uu-cipta-kerja-kelar-ini-daftar-lengkapnya,"data:image/gif;base64,R0lGODlhAQABAIAAAP///////yH5BAEKAAEALAAAAAABAAEAAAICTAEAOw==",cnbc
Kabar Baik! 64 Juta UMKM Bisa Cari Duit di Pasar Modal Lho,CNBC Indonesia,Jan 2021,,"Jakarta, CNBC Indonesia - Pemerintah menyatakan dengan adanya Undang-Undang 
No.11 Tahun 2020 tentang Cipta Kerja atau Omnibus Law Ciptaker, sebanyak 
64...",https://www.cnbcindonesia.com/market/20210104113119-17-213257/kabar-baik-64-juta-umkm-bisa-cari-duit-di-pasar-modal-lho,"data:image/gif;base64,R0lGODlhAQABAIAAAP///////yH5BAEKAAEALAAAAAABAAEAAAICTAEAOw==",cnbc
Genjot Peluang Bisnis & Investasi Melalui UU Cipta Kerja,CNBC Indonesia,4 Des 2020,,"Jakarta, CNBC Indonesia-Undang-undang Nomor 11 Tahun 2020 tentang Cipta 
Kerja telah disahkan oleh DPR RI bersama Pemerintah beberapa waktu lalu.",https://www.cnbcindonesia.com/news/20201214130158-8-208907/genjot-peluang-bisnis-investasi-melalui-uu-cipta-kerja,"data:image/gif;base64,R0lGODlhAQABAIAAAP///////yH5BAEKAAEALAAAAAABAAEAAAICTAEAOw==",cnbc
"Diteken Jokowi, Kok Ada yang Aneh di Pasal 6 UU Cipta Kerja?",CNBC Indonesia,Nov 2020,,"Jakarta, CNBC Indonesia - Presiden Joko Widodo (Jokowi) resmi meneken UU 
Cipta Kerja. UU ini bernomor 11 Tahun 2020 tentang Cipta Kerja.",https://www.cnbcindonesia.com/news/20201103082322-4-198829/diteken-jokowi-kok-ada-yang-aneh-di-pasal-6-uu-cipta-kerja,"data:image/gif;base64,R0lGODlhAQABAIAAAP///////yH5BAEKAAEALAAAAAABAAEAAAICTAEAOw==",cnbc
Sri Mulyani: UMKM Tidak Lagi Bayar Bunga Tinggi,CNBC Indonesia,Nov 2020,,"Jakarta, CNBC Indonesia - Pandemi covid-19 telah membuat pemerintah terus 
menyalurkan stimulus untuk agar dunia usaha, termasuk pelaku usaha mikro, 
kecil,...",https://www.cnbcindonesia.com/news/20201101125843-4-198398/sri-mulyani-umkm-tidak-lagi-bayar-bunga-tinggi,"data:image/gif;base64,R0lGODlhAQABAIAAAP///////yH5BAEKAAEALAAAAAABAAEAAAICTAEAOw==",cnbc
"Jokowi Sampaikan Lagi Benefit UU Cipta Kerja, Kali untuk UMKM",CNBC Indonesia,6 Okt 2020,,"Undang-Undang Cipta Kerja akan memudahkan keberlangsungan usaha para pelaku 
usaha mikro kecil dan menengah (UMKM).",https://www.cnbcindonesia.com/news/20201026145121-4-197171/jokowi-sampaikan-lagi-benefit-uu-cipta-kerja-kali-untuk-umkm,"data:image/gif;base64,R0lGODlhAQABAIAAAP///////yH5BAEKAAEALAAAAAABAAEAAAICTAEAOw==",cnbc
"Buruh Ancam Jokowi Soal Demo Besar, Pengusaha Anggap Lebay",CNBC Indonesia,4 Okt 2020,,"Jakarta, CNBC Indonesia - Serikat buruh mengancam akan menggelar demo 
besar-besaran bila Presiden Jokowi menandatangani RUU Omnibus Law Cipta 
Kerja pada 28...",https://www.cnbcindonesia.com/news/20201024195748-4-196871/buruh-ancam-jokowi-soal-demo-besar-pengusaha-anggap-lebay,"data:image/gif;base64,R0lGODlhAQABAIAAAP///////yH5BAEKAAEALAAAAAABAAEAAAICTAEAOw==",cnbc
Sederet Pasal Omnibus Law yang Untungkan UMK & Koperasi,CNBC Indonesia,1 Okt 2020,,"Jakarta, CNBC Indonesia- Undang-undang Cipta Kerja memberikan ruang untuk 
kelompok Usaha Mikro Kecil dan Koperasi (UMK-Kop) untuk berkembang terutama 
di...",https://www.cnbcindonesia.com/news/20201021175742-4-196115/sederet-pasal-omnibus-law-yang-untungkan-umk-koperasi,"data:image/gif;base64,R0lGODlhAQABAIAAAP///////yH5BAEKAAEALAAAAAABAAEAAAICTAEAOw==",cnbc
"JPMorgan Buka-bukaan Omnibus Law, Investasi Asing Bakal Deras",CNBC Indonesia,20 Okt 2020,,"J.P.Morgan Sekuritas Indonesia menilai adanya Omnibus Law UU Cipta Kerja 
(Ciptaker) jadi katalis positif.",https://www.cnbcindonesia.com/market/20201020083350-17-195557/jpmorgan-buka-bukaan-omnibus-law-investasi-asing-bakal-deras,"data:image/gif;base64,R0lGODlhAQABAIAAAP///////yH5BAEKAAEALAAAAAABAAEAAAICTAEAOw==",cnbc
UU Cipta Kerja Membuat Indonesia Lebih Ramah Investasi,CNBC Indonesia,6 Okt 2020,,"Jakarta, CNBC Indonesia- Pengamat Ketenagakerjaan dari Universitas Gajah 
Mada (UGM) Profesor Tajuddin Noer Effendi menilai kehadiran Undang-Undang 
Cipta...",https://www.cnbcindonesia.com/news/20201016191733-4-195050/uu-cipta-kerja-membuat-indonesia-lebih-ramah-investasi,"data:image/gif;base64,R0lGODlhAQABAIAAAP///////yH5BAEKAAEALAAAAAABAAEAAAICTAEAOw==",cnbc
RUU Ciptaker yang Diterima Jokowi sama dengan Paripurna DPR,CNBC Indonesia,5 Okt 2020,,"Jakarta, CNBC Indonesia- Naskah Rancangan Undang-undang Cipta Kerja yang 
telah disetujui oleh DPR pada rapat Paripurna 5 Oktober 2020, telah 
disampaikan...",https://www.cnbcindonesia.com/news/20201015201231-4-194732/ruu-ciptaker-yang-diterima-jokowi-sama-dengan-paripurna-dpr,"data:image/gif;base64,R0lGODlhAQABAIAAAP///////yH5BAEKAAEALAAAAAABAAEAAAICTAEAOw==",cnbc
Omnibus Law UU Cipta Kerja Bikin UMKM Cepat Pulih?,CNBC Indonesia,5 Okt 2020,,"Pelaku UMKM di masa pandemi saat ini, sudah mulai terlihat untuk melakukan 
adaptasi dari perilaku konsumsi masyarakat yang berubah.",https://www.cnbcindonesia.com/entrepreneur/20201015194607-25-194728/omnibus-law-uu-cipta-kerja-bikin-umkm-cepat-pulih,"data:image/gif;base64,R0lGODlhAQABAIAAAP///////yH5BAEKAAEALAAAAAABAAEAAAICTAEAOw==",cnbc
Sri Mulyani Buka-bukaan Soal Manfaat Omnibus Law Bagi Ekonomi,CNBC Indonesia,3 Okt 2020,,"Jakarta, CNBC Indonesia - Menteri Keuangan Sri Mulyani meyakini melalui 
Undang-Undang Cipta Kerja (UU Cipatker) Indonesia bisa terlepas dari 
jebakan kelas...",https://www.cnbcindonesia.com/news/20201013092856-4-193845/sri-mulyani-buka-bukaan-soal-manfaat-omnibus-law-bagi-ekonomi,"data:image/gif;base64,R0lGODlhAQABAIAAAP///////yH5BAEKAAEALAAAAAABAAEAAAICTAEAOw==",cnbc
"Begini Pernyataan Utuh Jokowi soal UU Ciptaker, Anda Setuju?",CNBC Indonesia,2 Okt 2020,,"Jakarta, CNBC Indonesia - Presiden Joko Widodo (Jokowi) akhirnya buka suara 
pascapengesahan Rancangan Undang-Undang (RUU) Omnibus Law Cipta Kerja 
(Ciptaker)...",https://www.cnbcindonesia.com/news/20201012094016-4-193558/begini-pernyataan-utuh-jokowi-soal-uu-ciptaker-anda-setuju,"data:image/gif;base64,R0lGODlhAQABAIAAAP///////yH5BAEKAAEALAAAAAABAAEAAAICTAEAOw==",cnbc
"Nasi Sudah Jadi Bubur, Soal UMKM Malah Blunder di Omnibus Law",CNBC Indonesia,2 Okt 2020,,Penambahan kriteria UMKM dinilai jadi hal blunder di UU Cipta Kerja.,https://www.cnbcindonesia.com/news/20201012124643-4-193630/nasi-sudah-jadi-bubur-soal-umkm-malah-blunder-di-omnibus-law,"data:image/gif;base64,R0lGODlhAQABAIAAAP///////yH5BAEKAAEALAAAAAABAAEAAAICTAEAOw==",cnbc
"Angka Pengangguran di Indonesia 6,8 Juta, Omnibus Jurusnya?",CNBC Indonesia,Okt 2020,,"Jakarta, CNBC Indonesia - Sebelum pandemi Covid-19, Badan Pusat Statistik 
(BPS) melaporkan jumlah pengangguran di Indonesia mencapai 6,88 juta orang.",https://www.cnbcindonesia.com/news/20201009102853-4-193072/angka-pengangguran-di-indonesia-68-juta-omnibus-jurusnya,"data:image/gif;base64,R0lGODlhAQABAIAAAP///////yH5BAEKAAEALAAAAAABAAEAAAICTAEAOw==",cnbc
Airlangga: Lebih Dari 30 Juta Orang Indonesia Butuh Pekerjaan,CNBC Indonesia,Okt 2020,,"Jakarta, CNBC Indonesia - Indonesia saat ini memiliki lebih dari 30 juta 
orang yang membutuhkan lapangan pekerjaan. Hal ini terlihat dari situs 
pendaftaran...",https://www.cnbcindonesia.com/news/20201008134527-4-192832/airlangga-lebih-dari-30-juta-orang-indonesia-butuh-pekerjaan,"data:image/gif;base64,R0lGODlhAQABAIAAAP///////yH5BAEKAAEALAAAAAABAAEAAAICTAEAOw==",cnbc
"Geram Ada Bohir Demo, Airlangga: 30 Juta Orang Butuh Kerja!",CNBC Indonesia,Okt 2020,,"Jakarta, CNBC Indonesia - Indonesia saat ini memiliki lebih dari 30 juta 
orang yang membutuhkan lapangan pekerjaan, hal ini terlihat dari situs 
pendaftaran...",https://www.cnbcindonesia.com/news/20201008141309-4-192837/geram-ada-bohir-demo-airlangga-30-juta-orang-butuh-kerja,"data:image/gif;base64,R0lGODlhAQABAIAAAP///////yH5BAEKAAEALAAAAAABAAEAAAICTAEAOw==",cnbc
Sederet Kemudahan Berusaha di Cipta Kerja,CNBC Indonesia,Okt 2020,,"Jakarta, CNBC Indonesia - Pemerintah mengklaim melalui Undang-Undang Cipta 
Kerja memberikan sederet kemudahan perizinan berusaha, khususnya bagi 
mereka...",https://www.cnbcindonesia.com/news/20201008083650-4-192699/sederet-kemudahan-berusaha-di-cipta-kerja,"data:image/gif;base64,R0lGODlhAQABAIAAAP///////yH5BAEKAAEALAAAAAABAAEAAAICTAEAOw==",cnbc
Please Jangan Nge-gas.. Banyak Hoax Beredar Soal UU Ciptaker!,CNBC Indonesia,Okt 2020,,"Ada banyak informasi yang tidak benar atau hoax soal Omnibus Law 
Undang-undang Cipta Kerja (Ciptaker).",https://www.cnbcindonesia.com/news/20201007163659-4-192586/please-jangan-nge-gas-banyak-hoax-beredar-soal-uu-ciptaker,"data:image/gif;base64,R0lGODlhAQABAIAAAP///////yH5BAEKAAEALAAAAAABAAEAAAICTAEAOw==",cnbc
"UU Ciptaker Bisa Jadi Penarik Investasi ke Indonesia, Tapi...",CNBC Indonesia,Okt 2020,,"Jakarta, CNBC Indonesia - Omnibus Law Undang-undang Cipta Kerja diharapkan 
memberikan angin segar bagi perekonomian Indonesia, khususnya dalam jangka 
pendek...",https://www.cnbcindonesia.com/news/20201006205712-4-192374/uu-ciptaker-bisa-jadi-penarik-investasi-ke-indonesia-tapi,"data:image/gif;base64,R0lGODlhAQABAIAAAP///////yH5BAEKAAEALAAAAAABAAEAAAICTAEAOw==",cnbc
Tok! DPR Sahkan RUU Omnibus Law Cipta Kerja Jokowi Jadi UU,CNBC Indonesia,Okt 2020,,"Jakarta, CNBC Indonesia - Rapat Paripurna DPR RI Senin 5 Oktober 2020 
mengesahkan Rancangan Undang-Undang (RUU) Cipta Kerja (Omnibus Law 
Ciptaker) menjadi...",https://www.cnbcindonesia.com/news/20201005143138-4-191978/tok-dpr-sahkan-ruu-omnibus-law-cipta-kerja-jokowi-jadi-uu,"data:image/gif;base64,R0lGODlhAQABAIAAAP///////yH5BAEKAAEALAAAAAABAAEAAAICTAEAOw==",cnbc
7 Alasan Buruh Tolak Omnibus Law: Benar PHK tak Ada Pesangon?,CNBC Indonesia,Okt 2020,,"Jakarta, CNBC Indonesia - Rancangan Undang-Undang (RUU) Omnibus Law Cipta 
Kerja (Ciptaker) sebentar lagi masuk sidang paripurna DPR untuk disahkan.",https://www.cnbcindonesia.com/news/20201005131005-4-191944/7-alasan-buruh-tolak-omnibus-law-benar-phk-tak-ada-pesangon,"data:image/gif;base64,R0lGODlhAQABAIAAAP///////yH5BAEKAAEALAAAAAABAAEAAAICTAEAOw==",cnbc
Seperti Apa RUU Ciptaker yang Segera Disahkan Jadi UU?,CNBC Indonesia,Okt 2020,,"Jakarta, CNBC Indonesia - Badan Legislasi Dewan Perwakilan Rakyat (DPR) 
bersama pemerintah dan Dewan Perwakilan Daerah (DPD) sepakat membawa 
Rancangan...",https://www.cnbcindonesia.com/news/20201004083809-4-191723/seperti-apa-ruu-ciptaker-yang-segera-disahkan-jadi-uu,"data:image/gif;base64,R0lGODlhAQABAIAAAP///////yH5BAEKAAEALAAAAAABAAEAAAICTAEAOw==",cnbc
"RUU Ciptaker Disepakati, Ini Manfaatnya bagi UMKM & Pekerja",CNBC Indonesia,Okt 2020,,"Pemerintah bersama Badan Legislasi (Baleg) DPR RI menyepakati substansi 
Rancangan Undang-Undang (RUU) Cipta Kerja.",https://www.cnbcindonesia.com/news/20201004160308-4-191773/ruu-ciptaker-disepakati-ini-manfaatnya-bagi-umkm-pekerja,"data:image/gif;base64,R0lGODlhAQABAIAAAP///////yH5BAEKAAEALAAAAAABAAEAAAICTAEAOw==",cnbc
Airlangga: Pekerja PHK Dapat Jaminan Pesangon di RUU Ciptaker,CNBC Indonesia,Okt 2020,,"Jakarta, CNBC Indonesia - Pemerintah memastikan Rancangan Undang-undang 
Cipta Kerja (Omnibus Law Ciptaker) akan memberikan jaminan bagi pekerja 
yang terkena...",https://www.cnbcindonesia.com/news/20201004163605-4-191786/airlangga-pekerja-phk-dapat-jaminan-pesangon-di-ruu-ciptaker,"data:image/gif;base64,R0lGODlhAQABAIAAAP///////yH5BAEKAAEALAAAAAABAAEAAAICTAEAOw==",cnbc
"RUU Cipta Kerja Segera Disahkan, Ini Dampaknya Buat UMKM",CNBC Indonesia,Okt 2020,,"Rancangan Undang Undang (RUU) Omnibus Law Cipta akan segera disahkan di 
DPR. Apa dampaknya buat UMKM?",https://www.cnbcindonesia.com/news/20201001092601-4-190778/ruu-cipta-kerja-segera-disahkan-ini-dampaknya-buat-umkm,"data:image/gif;base64,R0lGODlhAQABAIAAAP///////yH5BAEKAAEALAAAAAABAAEAAAICTAEAOw==",cnbc
"JPMorgan: Kalau Omnibus Law Positif, IHSG Bisa Tembus 6.000!",CNBC Indonesia,Okt 2020,,"Pelaku pasar modal Indonesia menilai salah satu isu yang paling dinantikan 
oleh investor asing dan investor domestik ialah Omnibus Law.",https://www.cnbcindonesia.com/market/20201001090358-17-190772/jpmorgan-kalau-omnibus-law-positif-ihsg-bisa-tembus-6000,"data:image/gif;base64,R0lGODlhAQABAIAAAP///////yH5BAEKAAEALAAAAAABAAEAAAICTAEAOw==",cnbc
"RUU Ciptaker Dikebut di Tengah Pandemi, Ini Alasannya",CNBC Indonesia,1 Sep 2020,,"Jakarta, CNBC Indonesia - Pemerintah optimistis dengan adanya undang-undang 
omnibus law cipta kerja (ciptaker) nantinya akan membuat Indonesia menjadi 
lebih...",https://www.cnbcindonesia.com/news/20200911170621-4-186220/ruu-ciptaker-dikebut-di-tengah-pandemi-ini-alasannya,"data:image/gif;base64,R0lGODlhAQABAIAAAP///////yH5BAEKAAEALAAAAAABAAEAAAICTAEAOw==",cnbc
"Buruh dan DPR Bikin Deal Soal Omnibus Law, Apa Isinya?",CNBC Indonesia,1 Agu 2020,,"DPR dan konfederasi serikat pekerja mencapai beberapa kesepahaman dalam hal 
pembahasan RUU Cipta Kerja.",https://www.cnbcindonesia.com/news/20200821194051-4-181181/buruh-dan-dpr-bikin-deal-soal-omnibus-law-apa-isinya,"data:image/gif;base64,R0lGODlhAQABAIAAAP///////yH5BAEKAAEALAAAAAABAAEAAAICTAEAOw==",cnbc
"Ditunggu Pasar, Omnibus Law Bakal Ubah Nasib Banyak Orang",CNBC Indonesia,4 Agu 2020,,"Jakarta, CNBC Indonesia - Rancangan Undang-Undang (RUU) Omnibus Law Cipta 
Kerja yang saat ini sedang dibahas pemerintah dan DPR sangat ditunggu 
oleh...",https://www.cnbcindonesia.com/news/20200814144136-4-179887/ditunggu-pasar-omnibus-law-bakal-ubah-nasib-banyak-orang,"data:image/gif;base64,R0lGODlhAQABAIAAAP///////yH5BAEKAAEALAAAAAABAAEAAAICTAEAOw==",cnbc
Kemenkop UKM: Perlu Ada Lembaga Independen Pengawas Koperasi,CNBC Indonesia,2 Jun 2020,,"Jakarta, CNBC Indonesia- Kementerian Koperasi dan UKM terus mendorong 
disahkannya Perundang-undangan tentang koperasi yang bisa menggantikan UU 
No.25/199,...",https://www.cnbcindonesia.com/news/20200622151250-8-167123/kemenkop-ukm-perlu-ada-lembaga-independen-pengawas-koperasi,"data:image/gif;base64,R0lGODlhAQABAIAAAP///////yH5BAEKAAEALAAAAAABAAEAAAICTAEAOw==",cnbc
Pak Jokowi! Nasib UMKM Perlu Juga Diperhatikan di Omnibus Law,CNBC Indonesia,Mei 2020,,"Sektor UMKM diminta jadi perhatian dalam Omnibus Law, saat klaster 
ketenagakerjaan ditarik dari pembahasan.",https://www.cnbcindonesia.com/news/20200504114015-4-156015/pak-jokowi-nasib-umkm-perlu-juga-diperhatikan-di-omnibus-law,"data:image/gif;base64,R0lGODlhAQABAIAAAP///////yH5BAEKAAEALAAAAAABAAEAAAICTAEAOw==",cnbc
Airlangga Buka-Bukaan Dampak Positif Omnibus Law,CNBC Indonesia,7 Feb 2020,,"Jakarta, CNBC Indonesia - Menteri Koordinator Bidang Perekonomian Airlangga 
Hartarto mengungkapkan banyak dampak positif dari rancangan Undang-Undang...",https://www.cnbcindonesia.com/news/20200227175930-4-140971/airlangga-buka-bukaan-dampak-positif-omnibus-law,"data:image/gif;base64,R0lGODlhAQABAIAAAP///////yH5BAEKAAEALAAAAAABAAEAAAICTAEAOw==",cnbc
"UU Baru Ada Uang 'Pemanis', 5 Kali Gaji Maksimal Rp 100 Juta",CNBC Indonesia,3 Feb 2020,,"Jakarta, CNBC Indonesia - Dalam RUU omnibus law cipta kerja (Ciptaker) akan 
ada skema pemberian uang pemanis atau sweetener bagi para pekerja aktif 
alias...",https://www.cnbcindonesia.com/news/20200212221604-4-137470/uu-baru-ada-uang-pemanis-5-kali-gaji-maksimal-rp-100-juta,"data:image/gif;base64,R0lGODlhAQABAIAAAP///////yH5BAEKAAEALAAAAAABAAEAAAICTAEAOw==",cnbc
"Omnibus Law Lapangan Kerja Meluncur, Ini Dampak Buat Ekonomi",CNBC Indonesia,7 Jan 2020,,"Jakarta, CNBC Indonesia - Pemerintah sedang memfinalisasi terobosan payung 
hukum Rancangan Undang-Undang (RUU) bernama omnibus law cipta lapangan 
kerja.",https://www.cnbcindonesia.com/news/20200117203541-4-130934/omnibus-law-lapangan-kerja-meluncur-ini-dampak-buat-ekonomi,"data:image/gif;base64,R0lGODlhAQABAIAAAP///////yH5BAEKAAEALAAAAAABAAEAAAICTAEAOw==",cnbc
Masalah Upah Bikin Omnibus Law Lapangan Kerja Jadi Alot,CNBC Indonesia,3 Des 2019,,"Jakarta, CNBC Indonesia - Menteri Koordinator Bidang Perekonomian 
menceritakan apa saja yang menjadi hambatan mengapa omnibus law lapangan 
cipta kerja atau...",https://www.cnbcindonesia.com/news/20191213205131-4-123066/masalah-upah-bikin-omnibus-law-lapangan-kerja-jadi-alot,"data:image/gif;base64,R0lGODlhAQABAIAAAP///////yH5BAEKAAEALAAAAAABAAEAAAICTAEAOw==",cnbc
Rosan Roeslani Jadi Ketua Task Force Omnibus Law,CNBC Indonesia,2 Nov 2019,,"Ketua Umum Kadin Indonesia Rosan Roeslani mengaku dirinya ditunjuk langsung 
oleh Menko Perekonomian Airlangga Hartato sebagai Ketua Omnibus Law.",https://www.cnbcindonesia.com/news/20191122123955-4-117193/rosan-roeslani-jadi-ketua-task-force-omnibus-law,"data:image/gif;base64,R0lGODlhAQABAIAAAP///////yH5BAEKAAEALAAAAAABAAEAAAICTAEAOw==",cnbc
Janji Jokowi Periode II: Realisasikan Omnibus Law,CNBC Indonesia,20 Okt 2019,,"Joko Widodo (Jokowi) resmi menjadi Presiden untuk periode keduanya. Hal ini 
setelah membacakan sumpah di hadapan MPR.",https://www.cnbcindonesia.com/news/20191020162418-4-108482/janji-jokowi-periode-ii-realisasikan-omnibus-law,"data:image/gif;base64,R0lGODlhAQABAIAAAP///////yH5BAEKAAEALAAAAAABAAEAAAICTAEAOw==",cnbc
Menkop Ingatkan Stasiun Kereta Api Wajib Siapkan Ruang Usaha UMKM,Republika,minggu lalu,,"ID, JAKARTA -- Menteri Koperasi dan UKM Teten Masduki menekankan, sesuai 
amanat Undang-Undang Cipta Kerja, seluruh infrastruktur publik termasuk 
stasiun...",https://www.republika.co.id/berita/rds5dr349/menkop-ingatkan-stasiun-kereta-api-wajib-siapkan-ruang-usaha-umkm,"data:image/gif;base64,R0lGODlhAQABAIAAAP///////yH5BAEKAAEALAAAAAABAAEAAAICTAEAOw==",republika
Gubernur BI Sebut Tiga Solusi Tantangan Digitalisasi UMKM,Republika,bulan lalu,,"Gubernur BI menyatakan digitalisasi jadi game changer akses keuangan lebih 
inklusif.",https://www.republika.co.id/berita/rbssts349/gubernur-bi-sebut-tiga-solusi-tantangan-digitalisasi-umkm,"data:image/gif;base64,R0lGODlhAQABAIAAAP///////yH5BAEKAAEALAAAAAABAAEAAAICTAEAOw==",republika
"Manfaatkan Momentum Mudik, Menkop Dorong Pelaku UMKM Gunakan Rest Area untuk Promosi",Republika,Mei 2022,,"Sebagaimana diatur dalam Peraturan Pemerintah (PP) Nomor 17 tahun 2021 
tentang Jalan Tol, yang merupakan turunan atau aturan pelaksana 
Undang-Undang (UU)...",https://www.republika.co.id/berita/rb72ql383/manfaatkan-momentum-mudik-menkop-dorong-pelaku-umkm-gunakan-rest-area-untuk-promosi,"data:image/gif;base64,R0lGODlhAQABAIAAAP///////yH5BAEKAAEALAAAAAABAAEAAAICTAEAOw==",republika
Menkop Targetkan UMKM Raih 90 Persen Pengadaan Barang/Jasa Pemerintah,Republika,6 Mar 2022,,"REPUBLIKA.CO.ID, JAKARTA--Kementerian Koperasi dan UKM (Kemenkop) bersama 
Lembaga Kebijakan Pengadaan Barang/Jasa Pemerintah (LKPP) melakukan 
percepatan...",https://www.republika.co.id/berita/r8u9py380/menkop-targetkan-umkm-raih-90-persen-pengadaan-barangjasa-pemerintah,"data:image/gif;base64,R0lGODlhAQABAIAAAP///////yH5BAEKAAEALAAAAAABAAEAAAICTAEAOw==",republika
Kemenkop UKM Gandeng BPS Perbarui Data UMKM dan Koperasi,Republika,Mar 2022,,"Menkop UKM, Teten Masduki, mengatakan, Pasal 88 Undang-Undang Cipta Kerja 
sebetulnya telah mengamanatkan pembangunan basis data tunggal paling lama 
dua...",https://www.republika.co.id/berita/r8h3p9383/kemenkop-ukm-gandeng-bps-perbarui-data-umkm-dan-koperasi,"data:image/gif;base64,R0lGODlhAQABAIAAAP///////yH5BAEKAAEALAAAAAABAAEAAAICTAEAOw==",republika
Pemerintah Minta Kadin Lindungi dan Kembangkan UMKM,Republika,4 Des 2021,,"Kerja sama ini akan mendukung mereka yang ingin mendirikan perusahaan 
rintisan.",https://www.republika.co.id/berita/r41y9j380/pemerintah-minta-kadin-lindungi-dan-kembangkan-umkm,"data:image/gif;base64,R0lGODlhAQABAIAAAP///////yH5BAEKAAEALAAAAAABAAEAAAICTAEAOw==",republika
Kemenkop Berupaya Permudah Izin Usaha Pelaku UMK,Republika,8 Nov 2021,,"REPUBLIKA.CO.ID, JAKARTA -- Kementerian Koperasi dan Usaha Kecil Menengah 
(Kemenkop UKM) berupaya memudahkan perizinan usaha bagi Usaha Mikro Kecil 
(UMK).",https://www.republika.co.id/berita/r2q1bg423/kemenkop-berupaya-permudah-izin-usaha-pelaku-umk,"data:image/gif;base64,R0lGODlhAQABAIAAAP///////yH5BAEKAAEALAAAAAABAAEAAAICTAEAOw==",republika
Kebangkitan UMKM Harus Libatkan Kolaborasi Semua Pihak,Republika,10 Nov 2021,,"Sekitar 99,9 persen pelaku usaha di Indonesia bergerak di sektor UMKM.",https://www.republika.co.id/berita/r2cup2380/kebangkitan-umkm-harus-libatkan-kolaborasi-semua-pihak,"data:image/gif;base64,R0lGODlhAQABAIAAAP///////yH5BAEKAAEALAAAAAABAAEAAAICTAEAOw==",republika
Teten: Jangan Lagi Impor Alat Kesehatan dan Pertanian,Republika,5 Sep 2021,,"Teten mengaku akan berkoordinasi dengan Menkes dan Mentan terkait impor 
itu. REPUBLIKA.CO.ID, JAKARTA -- Menteri Koperasi dan UKM Teten Masduki...",https://www.republika.co.id/berita/qzzp10377/teten-jangan-lagi-impor-alat-kesehatan-dan-pertanian,"data:image/gif;base64,R0lGODlhAQABAIAAAP///////yH5BAEKAAEALAAAAAABAAEAAAICTAEAOw==",republika
Menkop: Pengembangan Industri Halal Harus Pro UMKM,Republika,5 Agu 2021,,"REPUBLIKA.CO.ID, JAKARTA--Menteri Koperasi dan Usaha Kecil Menengah (UKM) 
Teten Masduki menyatakan, pengembangan industri halal harus selaras 
dengan...",https://www.republika.co.id/berita/qye2z2380/menkop-pengembangan-industri-halal-harus-pro-umkm,"data:image/gif;base64,R0lGODlhAQABAIAAAP///////yH5BAEKAAEALAAAAAABAAEAAAICTAEAOw==",republika
"Sektor UMKM Mulai Bangkit, BRI Jadi Pendorong",Republika,Jul 2021,,"Penopang utama pertumbuhan kredit BRI yakni kredit mikro. REPUBLIKA.CO.ID, 
JAKARTA -- Kredit Usaha Rakyat (KUR) dinilai dapat mendorong pelaku usaha 
mikro,...",https://www.republika.co.id/berita/qvpn22415/sektor-umkm-mulai-bangkit-bri-jadi-pendorong,"data:image/gif;base64,R0lGODlhAQABAIAAAP///////yH5BAEKAAEALAAAAAABAAEAAAICTAEAOw==",republika
Airlangga: Pemerintah Fasilitasi UMKM Berorientasi Ekspor,Republika,Jul 2021,,"REPUBLIKA.CO.ID, JAKARTA—Menteri Koordinator Bidang Perekonomian Airlangga 
Hartarto mengatakan pemerintah fokus untuk menaikkan nilai ekspor Usaha 
Mikro,...",https://www.republika.co.id/berita/qvly0j436/airlangga-pemerintah-fasilitasi-umkm-berorientasi-ekspor,"data:image/gif;base64,R0lGODlhAQABAIAAAP///////yH5BAEKAAEALAAAAAABAAEAAAICTAEAOw==",republika
Dukungan Pemerintah Bagi UMKM Agar Segera Pulih,Republika,8 Apr 2021,,"REPUBLIKA.CO.ID, JAKARTA--Perekonomian global mulai pulih dan diperkirakan 
tumbuh positif pada 2021. Paska kontraksi tajam pada Q2-2020, tren positif 
dan...",https://www.republika.co.id/berita/qs9qex380/dukungan-pemerintah-bagi-umkm-agar-segera-pulih,"data:image/gif;base64,R0lGODlhAQABAIAAAP///////yH5BAEKAAEALAAAAAABAAEAAAICTAEAOw==",republika
'UMKM Perlu Dukungan Kemudahan Perizinan-Perlindungan Merek',RepJogja,3 Apr 2021,,"REPUBLIKA.CO.ID, JAKARTA -- Pemerintah telah menerbitkan Undang-Undang 
Nomor 11 tahun 2020 tentang Cipta Kerja (UU Ciptaker). UU yang sempat 
kontroversial...",https://repjogja.republika.co.id/berita/qs0k8u291/umkm-perlu-dukungan-kemudahan-perizinanperlindungan-merek,"data:image/gif;base64,R0lGODlhAQABAIAAAP///////yH5BAEKAAEALAAAAAABAAEAAAICTAEAOw==",republika
PP UMKM Dinilai Buka Peluang Milenial Kembangkan Koperasi,Republika,6 Mar 2021,,"ID, JAKARTA -- Peraturan Pemerintah (PP) Nomor 7 Tahun 2021 tentang 
Kemudahan, Pelindungan, dan Pemberdayaan Koperasi dan Usaha Mikro Kecil dan 
Menengah (PP...",https://www.republika.co.id/berita/qq0u3m349/pp-umkm-dinilai-buka-peluang-milenial-kembangkan-koperasi,"data:image/gif;base64,R0lGODlhAQABAIAAAP///////yH5BAEKAAEALAAAAAABAAEAAAICTAEAOw==",republika
Pemerintah Fokus Pemulihan Ekonomi UMKM dan Ketenagakerjaan,Republika,2 Mar 2021,,"Menko Perekonomian menyebut sektor UMKM mendapat tambahan anggaran untuk 
pemulihan.",https://www.republika.co.id/berita/qpv3zw349/pemerintah-fokus-pemulihan-ekonomi-umkm-dan-ketenagakerjaan,"data:image/gif;base64,R0lGODlhAQABAIAAAP///////yH5BAEKAAEALAAAAAABAAEAAAICTAEAOw==",republika
Wapres Soroti 3 Tantangan Pengembangan Ekonomi Syariah,Republika,2 Mar 2021,,"ID, JAKARTA -- Wakil Presiden Ma'ruf Amin menyoroti sejumlah tantangan 
dalam pengembangan ekonomi dan keuangan syariah di Indonesia untuk bersaing 
di kancah...",https://www.republika.co.id/berita/qpuany370/wapres-soroti-3-tantangan-pengembangan-ekonomi-syariah,"data:image/gif;base64,R0lGODlhAQABAIAAAP///////yH5BAEKAAEALAAAAAABAAEAAAICTAEAOw==",republika
Dorong Peran Perempuan dalam UMKM Melalui Digitalisasi,Republika,Mar 2021,,"ID, JAKARTA -- Kepala Penelitian Center for Indonesian Policy Studies 
(CIPS) Felippa Ann Amanta mengingatkan pentingnya untuk mendorong peran 
perempuan...",https://www.republika.co.id/berita/qpowkr370/dorong-peran-perempuan-dalam-umkm-melalui-digitalisasi,"data:image/gif;base64,R0lGODlhAQABAIAAAP///////yH5BAEKAAEALAAAAAABAAEAAAICTAEAOw==",republika
"Percepat Pemulihan Ekonomi, Hipmi-BUMN Jalin Kerja Sama",Republika,Mar 2021,,"ID, JAKARTA -- Ketua Umum Badan Pengusaha Pusat Himpunan Pengusaha Muda 
Indonesia (BPP Hipmi) Mardani H Maming mengatakan, dampak pandemi Covid-19 
sangat...",https://www.republika.co.id/berita/qphpcj370/percepat-pemulihan-ekonomi-hipmibumn-jalin-kerja-sama,"data:image/gif;base64,R0lGODlhAQABAIAAAP///////yH5BAEKAAEALAAAAAABAAEAAAICTAEAOw==",republika
Menkop Bahas Penyediaan 30 Persen Ruang Usaha Bagi UMKM,Republika,Mar 2021,,"Menkop bahas amanat UU Cipta Kerja soal penyediaan ruang usaha dengan 3 
Kementerian.",https://www.republika.co.id/berita/qpehqq349/menkop-bahas-penyediaan-30-persen-ruang-usaha-bagi-umkm,"data:image/gif;base64,R0lGODlhAQABAIAAAP///////yH5BAEKAAEALAAAAAABAAEAAAICTAEAOw==",republika
Menkop: Ajang UKM Virtual Expo Perluas Pasar Ekspor UMKM,Republika,6 Feb 2021,,"“Penyelenggaraan UKM Virtual Expo di tengah pandemi Covid-19 ini sangat 
baik. Hal itu guna mendorong agar omset pelaku Usaha Mikro Kecil Menengah 
(UMKM)...",https://www.republika.co.id/berita/qomhqt380/menkop-ajang-ukm-virtual-expo-perluas-pasar-ekspor-umkm,"data:image/gif;base64,R0lGODlhAQABAIAAAP///////yH5BAEKAAEALAAAAAABAAEAAAICTAEAOw==",republika
Menkop: Koperasi Mahasiswa Berfungsi Sebagai Laboratorium,Republika,Feb 2021,,"REPUBLIKA.CO.ID, JAKARTA -- Keberadaan Koperasi Mahasiswa (Kopma) dinilai 
penting dalam era digital saat ini. Sebab, Kopma dapat berfungsi sebagai...",https://www.republika.co.id/berita/qnub5i423/menkop-koperasi-mahasiswa-berfungsi-sebagai-laboratorium,"data:image/gif;base64,R0lGODlhAQABAIAAAP///////yH5BAEKAAEALAAAAAABAAEAAAICTAEAOw==",republika
Bangka Libatkan UMKM Tingkatkan Kunjungan Wisatawan,Republika,Feb 2021,,"ID,SUNGAILIAT -- Dinas Pariwisata dan Kebudayaan (Disparbud) Kabupaten 
Bangka, Provinsi Kepulauan Bangka Belitung, melibatkan pelaku usaha mikro 
kecil dan...",https://ihram.republika.co.id/berita/qnuek9327/bangka-libatkan-umkm-tingkatkan-kunjungan-wisatawan,"data:image/gif;base64,R0lGODlhAQABAIAAAP///////yH5BAEKAAEALAAAAAABAAEAAAICTAEAOw==",republika
Penerapan SNI Tingkatkan Daya Saing Produk UMKM,Republika,7 Des 2020,,"REPUBLIKA.CO.ID, JAKARTA -- Kemampuan Usaha Mikro Kecil Menengah (UMKM) 
dalam menerapkan Standar Nasional Indonesia (SNI) menjadi benchmark bagi 
yang lain...",https://www.republika.co.id/berita/qlgn4n370/penerapan-sni-tingkatkan-daya-saing-produk-umkm,"data:image/gif;base64,R0lGODlhAQABAIAAAP///////yH5BAEKAAEALAAAAAABAAEAAAICTAEAOw==",republika
Pemerintah Dorong UMKM dan Koperasi Masuk Sektor Formal,Republika,6 Des 2020,,"REPUBLIKA.CO.ID, JAKARTA -- Didukung semangat UU Cipta Kerja, ke depannya 
UMKM dan koperasi diarahkan masuk ke sektor formal, berbasis komoditas 
unggul dan...",https://www.republika.co.id/berita/qlf50h457/pemerintah-dorong-umkm-dan-koperasi-masuk-sektor-formal,"data:image/gif;base64,R0lGODlhAQABAIAAAP///////yH5BAEKAAEALAAAAAABAAEAAAICTAEAOw==",republika
UU Cipta Kerja Beri 3 Kemudahan Penyelenggara Haji dan Umrah,Republika,Des 2020,,"Menurut Direktur Bina Umrah dan Haji Khusus Kemenag, Arfi Hatim, 
penyelenggaraan haji dan umrah ini ada perizinan pengusaha sesuai amanat UU 
No 8/2011...",https://www.republika.co.id/berita/qkywk8380/uu-cipta-kerja-beri-3-kemudahan-penyelenggara-haji-dan-umrah,"data:image/gif;base64,R0lGODlhAQABAIAAAP///////yH5BAEKAAEALAAAAAABAAEAAAICTAEAOw==",republika
Pemerintah Gali Aspirasi RPP Lingkungan Hidup dan Kehutanan,Republika,Des 2020,,"Pemerintah disebut akan memberikan kemudahan menggarap kawasan hutan bagi 
masyarakat. REPUBLIKA.CO.ID, JAKARTA -- Pemerintah sedang menyusun aturan...",https://www.republika.co.id/berita/qkz8p7416/pemerintah-gali-aspirasi-rpp-lingkungan-hidup-dan-kehutanan,"data:image/gif;base64,R0lGODlhAQABAIAAAP///////yH5BAEKAAEALAAAAAABAAEAAAICTAEAOw==",republika
Serap Aspirasi Implementasi UU Cipta Kerja,Republika,Des 2020,,"Sekretaris Kementerian Koperasi dan UKM Rully Indrawan (tengah) bersama 
Kepala Biro Hukum dan Organisasi Kementerian Kesehatan Sundoyo (kanan) 
dengan...",https://www.republika.co.id/berita/qkz6tf283/serap-aspirasi-implementasi-uu-cipta-kerja,"data:image/gif;base64,R0lGODlhAQABAIAAAP///////yH5BAEKAAEALAAAAAABAAEAAAICTAEAOw==",republika
Menkop UKM: Pengusaha Perempuan Pahlawan Ekonomi,Republika,Des 2020,,"REPUBLIKA.CO.ID, JAKARTA -- Menteri Koperasi dan Usaha Kecil Menengah (UKM) 
Teten Masduki megatakan, peran pengusaha perempuan sangat strategis 
sebagai...",https://www.republika.co.id/berita/qkpomg423/menkop-ukm-pengusaha-perempuan-pahlawan-ekonomi,"data:image/gif;base64,R0lGODlhAQABAIAAAP///////yH5BAEKAAEALAAAAAABAAEAAAICTAEAOw==",republika
Belum 1 Persen Koperasi Masuk Ekosistem Digital,Republika,20 Nov 2020,,"Jumlah koperasi yang masuk ekosistem bari 906 dari 123 ribu koperasi aktif. 
REPUBLIKA.CO.ID, JAKARTA -- Kementerian Koperasi dan Usaha Kecil Menengah...",https://www.republika.co.id/berita/qk2xca368/belum-1-persen-koperasi-masuk-ekosistem-digital,"data:image/gif;base64,R0lGODlhAQABAIAAAP///////yH5BAEKAAEALAAAAAABAAEAAAICTAEAOw==",republika
"MenkopUKM: Baru 0,73 Persen Koperasi yang Melek Digital",Republika,9 Nov 2020,,"Hadir dalam acara tersebut, Kepala Dinas Koperasi dan UKM Provinsi Jawa 
Barat Kusmana Hartadji dan para pejabat eselon I KemenkopUKM.",https://www.republika.co.id/berita/qk1opk380/menkopukm-baru-073-persen-koperasi-yang-melek-digital,"data:image/gif;base64,R0lGODlhAQABAIAAAP///////yH5BAEKAAEALAAAAAABAAEAAAICTAEAOw==",republika
"Meski Pembiayaan UMKM Mencukupi, Namun Perlu Perluasan Akses",Republika,Nov 2020,,UU Cipta Kerja memberi ruang bagi usaha kecil dan koperasi untuk berkembang.,https://www.republika.co.id/berita/qj99z1380/meski-pembiayaan-umkm-mencukupi-namun-perlu-perluasan-akses,"data:image/gif;base64,R0lGODlhAQABAIAAAP///////yH5BAEKAAEALAAAAAABAAEAAAICTAEAOw==",republika
Inkubasi Dinilai Langkah Tepat Ciptakan UMKM Unggul,Republika,8 Okt 2020,,"ID, JAKARTA -- Menteri koperasi dan Usaha Kecil Menengah (UKM) Teten 
Masduki mengatakan, pendekatan inkubasi merupakan langkah tepat dalam 
menciptakan Usaha...",https://www.republika.co.id/berita/qiwk3j370/inkubasi-dinilai-langkah-tepat-ciptakan-umkm-unggul,"data:image/gif;base64,R0lGODlhAQABAIAAAP///////yH5BAEKAAEALAAAAAABAAEAAAICTAEAOw==",republika
Jokowi Buka Festival UMKM Online Terbesar di Indonesia,Republika,6 Okt 2020,,"REPUBLIKA.CO.ID, JAKARTA -- Presiden Jokowi membuka acara Festival Usaha 
Milik Kaum Milenial (UMKM) online pertama dan terbesar di Indonesia, Senin 
(26/10).",https://www.republika.co.id/berita/qit7k2423/jokowi-buka-festival-umkm-online-terbesar-di-indonesia,"data:image/gif;base64,R0lGODlhAQABAIAAAP///////yH5BAEKAAEALAAAAAABAAEAAAICTAEAOw==",republika
UU Ciptaker Dinilai Membuka Ruang untuk Pengusaha Lokal,Republika,2 Okt 2020,,"REPUBLIKA.CO.ID, JAKARTA -- Ekonom Universitas Airlangga (Unair) Rahma 
Gafmi menilai UU Cipta Kerja (Ciptaker) membuka ruang selebar-lebarnya bagi 
pengusaha...",https://www.republika.co.id/berita/qil50h430/uu-ciptaker-dinilai-membuka-ruang-untuk-pengusaha-lokal,"data:image/gif;base64,R0lGODlhAQABAIAAAP///////yH5BAEKAAEALAAAAAABAAEAAAICTAEAOw==",republika
Pemerintah Wajibkan 40 Persen Belanja K/L Melalui UMKM,Republika,2 Okt 2020,,"Menteri Koperasi dan UKM Teten Masduki mengatakan, mayoritas atau 99 persen 
sektor usaha di Indonesia merupakan UMKM. Sekaligus menyerap tenaga kerja...",https://www.republika.co.id/berita/qim3mx384/pemerintah-wajibkan-40-persen-belanja-kl-melalui-umkm,"data:image/gif;base64,R0lGODlhAQABAIAAAP///////yH5BAEKAAEALAAAAAABAAEAAAICTAEAOw==",republika
Teten Masduki Sebut UU Ciptaker Kembangkan UMKM,Republika,20 Okt 2020,,"REPUBLIKA.CO.ID,JAKARTA -- Menteri Koperasi dan UKM Teten Masduki 
mengatakan, UU Cipta Kerja memastikan pelaku usaha kecil mendapat akses ke 
pasar.",https://www.republika.co.id/berita/qii3eu430/teten-masduki-sebut-uu-ciptaker-kembangkan-umkm,"data:image/gif;base64,R0lGODlhAQABAIAAAP///////yH5BAEKAAEALAAAAAABAAEAAAICTAEAOw==",republika
Menkop UKM Nyatakan Pemerintah Dukung Lahirnya Usaha Baru,Republika,9 Okt 2020,,"Diprediksi Indonesia menjadi ekonomi digital terbesar di Asia Tenggara pada 
2025. REPUBLIKA.CO.ID, JAKARTA -- Menteri Koperasi dan Usaha Kecil 
Menengah...",https://www.republika.co.id/berita/qig7dw423/menkop-ukm-nyatakan-pemerintah-dukung-lahirnya-usaha-baru,"data:image/gif;base64,R0lGODlhAQABAIAAAP///////yH5BAEKAAEALAAAAAABAAEAAAICTAEAOw==",republika
Bamsoet Ngobrol Bareng Sandiaga Uno Soal UU Cipta Kerja,Republika,8 Okt 2020,,"REPUBLIKA.CO.ID, JAKARTA -- Ketua MPR RI Bambang Soesatyo menilai 
konsistensi Sandiaga Uno dalam memajukan Usaha Mikro Kecil dan Menengah 
(UMKM) patut...",https://www.republika.co.id/berita/qidsxu423/bamsoet-ngobrol-bareng-sandiaga-uno-soal-uu-cipta-kerja,"data:image/gif;base64,R0lGODlhAQABAIAAAP///////yH5BAEKAAEALAAAAAABAAEAAAICTAEAOw==",republika
KSBI Nilai Ada yang Coba 'Curi Panggung' dari Demo Ciptaker,Republika,7 Okt 2020,,"Presiden KSBI tegaskan buruh sampaikan penolakan UU Ciptekar dengan cara 
baik.",https://www.republika.co.id/berita/qic4cw354/ksbi-nilai-ada-yang-coba-curi-panggung-dari-demo-ciptaker,"data:image/gif;base64,R0lGODlhAQABAIAAAP///////yH5BAEKAAEALAAAAAABAAEAAAICTAEAOw==",republika
"UU Cipta Kerja Disahkan, Begini Tanggapan Sandiaga Uno",Republika,6 Okt 2020,,"Undang-Undang Cipta Kerja harusnya memberdayakan masyarakat, khususnya UMKM.",https://www.republika.co.id/berita/qiadh8484/uu-cipta-kerja-disahkan-begini-tanggapan-sandiaga-uno,"data:image/gif;base64,R0lGODlhAQABAIAAAP///////yH5BAEKAAEALAAAAAABAAEAAAICTAEAOw==",republika
UU Cipta Kerja Dukung Penguatan UMKM Lewat Digital,Republika,3 Okt 2020,,"Teten menyebutkan, dua hal dalam UU Cipta Kerja yang memberikan akses pasar 
ke UMKM, yakni pengadaan barang dan jasa pemerintah ditegaskan pada pasal 
97.",https://www.republika.co.id/berita/qi47y6380/uu-cipta-kerja-dukung-penguatan-umkm-lewat-digital,"data:image/gif;base64,R0lGODlhAQABAIAAAP///////yH5BAEKAAEALAAAAAABAAEAAAICTAEAOw==",republika
Menyikapi UU Ciptaker dengan Adil,Republika,2 Okt 2020,,"REPUBLIKA.CO.ID, Oleh Mukti Ali Qusyairi, Ketua LBM PWNU DKI Jakarta dan 
Marbot Rumah Daulat Buku (Rudalku). RUU Cipta Kerja diputuskan menjadi UU 
Ciptaker...",https://www.republika.co.id/berita/qi38lz412/menyikapi-uu-ciptaker-dengan-adil,"data:image/gif;base64,R0lGODlhAQABAIAAAP///////yH5BAEKAAEALAAAAAABAAEAAAICTAEAOw==",republika
Pemuda Muhammadiyah Dukung Uji Materi UU Cipta Kerja ke MK,Republika,1 Okt 2020,,"REPUBLIKA.CO.ID, JAKARTA -- Pimpinan Pusat (PP) Pemuda Muhammadiyah 
mendukung Pimpinan Pusat Muhammadiyah dalam upaya judicial review atau uji 
materi...",https://www.republika.co.id/berita/qi1exb354/pemuda-muhammadiyah-dukung-uji-materi-uu-cipta-kerja-ke-mk,"data:image/gif;base64,R0lGODlhAQABAIAAAP///////yH5BAEKAAEALAAAAAABAAEAAAICTAEAOw==",republika
Bamsoet-Airlangga Bahas UU Ciptaker sampai Vaksinasi Covid,Republika,10 Okt 2020,,"Lewat Bamsoet Channel, Airlangga tegaskan UU Ciptaker demi membuka lapangan 
pekerjaan.",https://www.republika.co.id/berita/qhzipy349/bamsoetairlangga-bahas-uu-ciptaker-sampai-vaksinasi-covid,"data:image/gif;base64,R0lGODlhAQABAIAAAP///////yH5BAEKAAEALAAAAAABAAEAAAICTAEAOw==",republika
Menkop Sebut Ada 6 Poin Penting UU Ciptaker Bagi UMKM,Republika,Okt 2020,,"REPUBLIKA.CO.ID, JAKARTA -- Menteri Koperasi dan Usaha Kecil Menengah (UKM) 
Teten Masduki menyatakan, Undang-Undang (UU) Cipta Kerja menjawab masalah 
utama...",https://www.republika.co.id/berita//qhw1ot368/menkop-sebut-ada-6-poin-penting-uu-ciptaker-bagi-umkm,"data:image/gif;base64,R0lGODlhAQABAIAAAP///////yH5BAEKAAEALAAAAAABAAEAAAICTAEAOw==",republika
Moeldoko: UU Cipta Kerja Beri Peluang UMKM Berkembang,Republika,Okt 2020,,"Berbagai stimulus telah dikucurkan untuk UMKM sehingga roda perekonomian 
bergerak.",https://www.republika.co.id/berita/qhxag1384/moeldoko-uu-cipta-kerja-beri-peluang-umkm-berkembang,"data:image/gif;base64,R0lGODlhAQABAIAAAP///////yH5BAEKAAEALAAAAAABAAEAAAICTAEAOw==",republika
Pelaku Usaha Mikro Harus Adaptasi dengan Kondisi Saat Ini,Republika,Okt 2020,,"ID, JAKARTA -- Deputi Bidang Pengembangan SDM Kementerian Koperasi dan 
Usaha Kecil Menengah (UKM) Arif Rahman Hakim mengajak pelaku Usaha Mikro 
dan Kecil...",https://www.republika.co.id/berita/qhx18t370/pelaku-usaha-mikro-harus-adaptasi-dengan-kondisi-saat-ini,"data:image/gif;base64,R0lGODlhAQABAIAAAP///////yH5BAEKAAEALAAAAAABAAEAAAICTAEAOw==",republika
UU Ciptaker Permudah Kemitraan UMKM dengan Perusahaan Besar,Republika,Okt 2020,,"REPUBLIKA.CO.ID, JAKARTA -- Menteri Koperasi dan Usaha Kecil Menengah (UKM) 
Teten Masduki menyatakan, keberadaan Undang-Undang (UU) Cipta Kerja akan...",https://www.republika.co.id/berita/qhvnte383/uu-ciptaker-permudah-kemitraan-umkm-dengan-perusahaan-besar,"data:image/gif;base64,R0lGODlhAQABAIAAAP///////yH5BAEKAAEALAAAAAABAAEAAAICTAEAOw==",republika
Pengupahan Berdasarkan Waktu dan Hasil di UU Ciptaker,Republika,Okt 2020,,"Pengaturan soal upah di UU Ciptaker menjadi salah satu yang dipersoalkan 
buruh. REPUBLIKA.CO.ID, oleh Arif Satrio Nugroho, Amri Amrullah, Antara. 
Baca Juga.",https://www.republika.co.id/berita/qhu6ye409/pengupahan-berdasarkan-waktu-dan-hasil-di-uu-ciptaker,"data:image/gif;base64,R0lGODlhAQABAIAAAP///////yH5BAEKAAEALAAAAAABAAEAAAICTAEAOw==",republika
Pemerintah Jelaskan Formulasi Upah Minimum di UU Ciptaker,Republika,Okt 2020,,"REPUBLIKA.CO.ID, oleh Adinda Pryanka, Amri Amrullah, Wahyu Suryana, Antara. 
Pemerintah memastikan Undang-Undang Cipta Kerja (UU Ciptaker) tetap 
mengatur hak...",https://www.republika.co.id/berita/qhtw97328/pemerintah-jelaskan-formulasi-upah-minimum-di-uu-ciptaker,"data:image/gif;base64,R0lGODlhAQABAIAAAP///////yH5BAEKAAEALAAAAAABAAEAAAICTAEAOw==",republika
Dunia Usaha yang Menyambut Baik UU Cipta Kerja,Republika,Okt 2020,,"Dunia usaha pandang UU Cipta Kerja selesaikan banyak masalah. 
REPUBLIKA.CO.ID, oleh Novita Intan, Arif Satrio Nugroho, Antara.",https://www.republika.co.id/berita/qhrolm328/dunia-usaha-yang-menyambut-baik-uu-cipta-kerja,"data:image/gif;base64,R0lGODlhAQABAIAAAP///////yH5BAEKAAEALAAAAAABAAEAAAICTAEAOw==",republika
"RUU Ciptaker Disahkan, IHSG Melesat di Zona Hijau",Republika,Okt 2020,,"Pelaku industri dalam negeri cukup menaruh harapan besar terhadap UU 
Ciptaker.",https://www.republika.co.id/berita/qhrec3370/ruu-ciptaker-disahkan-ihsg-melesat-di-zona-hijau,"data:image/gif;base64,R0lGODlhAQABAIAAAP///////yH5BAEKAAEALAAAAAABAAEAAAICTAEAOw==",republika
Mengenal Apa Itu Omnibus Law RUU Cipta Kerja dan Isi Lengkapnya - Kompas.com,Kompas Money,Okt 2020,,"Mengenal apa itu Omnibus Law RUU Cipta Kerja yang diprotes buruh dengan 
melakukan demo omnibus law 2020 (mogok nasional Oktober 2020). Halaman all.",https://money.kompas.com/read/2020/10/05/102200626/mengenal-apa-itu-omnibus-law-ruu-cipta-kerja-dan-isi-lengkapnya?page=all,"data:image/gif;base64,R0lGODlhAQABAIAAAP///////yH5BAEKAAEALAAAAAABAAEAAAICTAEAOw==",republika
"Permudah Aturan, Pemerintah Dorong UMKM Self Declare Halal",Republika,8 Sep 2020,,"ID, JAKARTA -- Pemerintah memastikan, Usaha Mikro, Kecil dan Menengah 
(UMKM) dapat melakukan self declare untuk mendapatkan sertifikasi halal.",https://www.republika.co.id/berita/qhd2uv370/permudah-aturan-pemerintah-dorong-umkm-self-declare-halal,"data:image/gif;base64,R0lGODlhAQABAIAAAP///////yH5BAEKAAEALAAAAAABAAEAAAICTAEAOw==",republika
RUU Cipta Kerja Bisa Beri Dampak Positif Bagi Ekonomi,Republika,8 Agu 2020,,"REPUBLIKA.CO.ID, JAKARTA -- Dosen UIN Syarif Hidayatullah Iqbal Hasanuddin 
mengemukakan Rancangan Undang-Undang Cipta Kerja bisa memberikan dampak 
positif...",https://www.republika.co.id/berita/qfr49p328/ruu-cipta-kerja-bisa-beri-dampak-positif-bagi-ekonomi,"data:image/gif;base64,R0lGODlhAQABAIAAAP///////yH5BAEKAAEALAAAAAABAAEAAAICTAEAOw==",republika
11 Poin Pernyataan Sikap MUI Soal RUU Cipta Kerja,Republika,Jul 2020,,"REPUBLIKA.CO.ID, JAKARTA -- Dewan Pimpinan Majelis Ulama Indonesia (DP MUI) 
menyampaikan pandangan dan sikap terhadap Rancangan Undang-Undang (RUU) 
Cipta...",https://www.republika.co.id/berita/qcy9v4430/11-poin-pernyataan-sikap-mui-soal-ruu-cipta-kerja,"data:image/gif;base64,R0lGODlhAQABAIAAAP///////yH5BAEKAAEALAAAAAABAAEAAAICTAEAOw==",republika
